TRUNCATE `cms_menu_item`;
TRUNCATE `cms_menu_item_tr`;
TRUNCATE `cms_page`;
TRUNCATE `cms_page_tr`;
TRUNCATE `cms_route`;

INSERT INTO `cms_menu_item` (`id`, `application_id`, `menu`, `level`, `parent_id`, `page_id`, `name`, `route`, `path`, `params`, `uri`, `ord_num`, `hidden`, `meta`, `target`) VALUES
(1, 1, 'main', 0, 0, NULL, 'Web Services', '', NULL, NULL, '', 1, 'no', NULL, NULL),
(2, 1, 'main', 0, 0, NULL, 'Social Media', '', NULL, NULL, '', 2, 'no', NULL, NULL),
(3, 1, 'main', 0, 0, NULL, 'Mobile Marketing', '', NULL, NULL, '', 3, 'no', NULL, NULL),
(4, 1, 'main', 0, 0, NULL, 'Telecom', '', NULL, NULL, '', 4, 'no', NULL, NULL),
(5, 1, 'main', 0, 0, NULL, 'Design/Graphics', '', NULL, NULL, '', 5, 'no', NULL, NULL),
(6, 1, 'main', 0, 0, NULL, 'Produkte', '', NULL, NULL, '', 6, 'no', NULL, NULL),
(7, 1, 'main', 0, 0, NULL, 'Wir für Sie', '', NULL, NULL, '', 7, 'no', NULL, NULL),
(8, 1, 'main', 1, 1, 2, 'Webseiten (responsive)', 'cms', 'cms/page/index', NULL, '', 1, 'no', NULL, NULL),
(9, 1, 'main', 1, 2, 4, 'MFA', 'cms', 'cms/page/index', 'section/social-media', '', 1, 'no', NULL, NULL),
(10, 1, 'main', 1, 2, 5, 'App-Entwicklung', 'cms', 'cms/page/index', NULL, '', 2, 'no', NULL, NULL),
(11, 1, 'main', 1, 2, 6, 'Konzept/Beratung', 'cms', 'cms/page/index', NULL, '', 3, 'no', NULL, NULL),
(12, 1, 'main', 1, 2, 7, 'FB-Werbung', 'cms', 'cms/page/index', NULL, '', 4, 'no', NULL, NULL),
(13, 1, 'main', 1, 2, 8, 'Moderation', 'cms', 'cms/page/index', NULL, '', 5, 'no', NULL, NULL),
(14, 1, 'main', 1, 3, 9, 'SMS Massenversand (Bulk SMS) ', 'cms', 'cms/page/index', NULL, '', 1, 'no', NULL, NULL),
(15, 1, 'main', 1, 3, 10, 'SMS Newsletter', 'cms', 'cms/page/index', NULL, '', 2, 'no', NULL, NULL),
(16, 1, 'main', 1, 3, 11, 'SMS Gewinnspiele', 'cms', 'cms/page/index', NULL, '', 3, 'no', NULL, NULL),
(17, 1, 'main', 1, 3, 12, 'SMS Voting', 'cms', 'cms/page/index', NULL, '', 4, 'no', NULL, NULL),
(18, 1, 'main', 1, 3, 13, 'Premium SMS', 'cms', 'cms/page/index', NULL, '', 5, 'no', NULL, NULL),
(19, 1, 'main', 1, 3, 14, 'Inbound SMS Service', 'cms', 'cms/page/index', NULL, '', 6, 'no', NULL, NULL),
(20, 1, 'main', 1, 3, 15, 'Bezahlen per SMS', 'cms', 'cms/page/index', NULL, '', 7, 'no', NULL, NULL),
(21, 1, 'main', 1, 4, 16, 'Bulk SMS für Carrier', 'cms', 'cms/page/index', NULL, '', 1, 'no', NULL, NULL),
(22, 1, 'main', 1, 4, 17, 'Telefon Gewinnspiele', 'cms', 'cms/page/index', NULL, '', 2, 'no', NULL, NULL),
(23, 1, 'main', 1, 4, 18, 'Telefon Voting', 'cms', 'cms/page/index', NULL, '', 3, 'no', NULL, NULL),
(24, 1, 'main', 1, 4, 19, 'Rufnummer Hosting', 'cms', 'cms/page/index', NULL, '', 4, 'no', NULL, NULL),
(58, 1, 'main', 1, 5, 20, 'Beratung/Konzept', 'cms', 'cms/page/index', NULL, '', 1, 'no', NULL, NULL),
(26, 1, 'main', 1, 5, 21, 'Designs', 'cms', 'cms/page/index', NULL, '', 2, 'no', NULL, NULL),
(27, 1, 'main', 1, 5, 23, 'Video', 'cms', 'cms/page/index', NULL, '', 3, 'no', NULL, NULL),
(28, 1, 'main', 1, 5, 24, 'Angebote', 'cms', 'cms/page/index', NULL, '', 4, 'no', NULL, NULL),
(29, 1, 'main', 1, 6, 25, 'iCard', 'cms', 'cms/page/index', NULL, '', 1, 'no', NULL, NULL),
(30, 1, 'main', 1, 6, 26, 'Megapromo', 'cms', 'cms/page/index', NULL, '', 2, 'no', NULL, NULL),
(31, 1, 'main', 1, 6, 27, 'SMS&Park', 'cms', 'cms/page/index', NULL, '', 3, 'no', NULL, NULL),
(32, 1, 'main', 1, 6, 28, 'SMS&Win', 'cms', 'cms/page/index', NULL, '', 4, 'no', NULL, NULL),
(60, 1, 'main', 1, 6, 62, 'MFA', 'cms', 'cms/page/index', 'section/produkte', '', 5, 'no', NULL, NULL),
(34, 1, 'main', 1, 6, 29, 'Call&Pay', 'cms', 'cms/page/index', NULL, '', 6, 'no', NULL, NULL),
(35, 1, 'main', 1, 6, 30, 'Intranet Apps', 'cms', 'cms/page/index', NULL, '', 7, 'no', NULL, NULL),
(36, 1, 'main', 1, 7, NULL, 'Kontakt', 'cms', 'contact/generic/index', 'form_id/contact', '', 1, 'no', NULL, NULL),
(37, 1, 'main', 1, 7, 31, 'Marketing Technologie', 'cms', 'cms/page/index', NULL, '', 2, 'no', NULL, NULL),
(38, 1, 'main', 1, 7, 32, 'Über uns (+Philosophie)', 'cms', 'cms/page/index', NULL, '', 3, 'no', NULL, NULL),
(39, 1, 'main', 1, 7, 33, 'Team', 'cms', 'cms/page/index', NULL, '', 4, 'no', NULL, NULL),
(40, 1, 'main', 1, 7, 34, 'Kompetenzen', 'cms', 'cms/page/index', NULL, '', 5, 'no', NULL, NULL),
(41, 1, 'main', 1, 7, 35, 'Auszeichnungen', 'cms', 'cms/page/index', NULL, '', 6, 'no', NULL, NULL),
(42, 1, 'main', 1, 1, 3, 'Hosting (Web/Mail)', 'cms', 'cms/page/index', NULL, '', 6, 'no', NULL, NULL),
(43, 1, 'main', 1, 1, 36, 'Landingpage', 'cms', 'cms/page/index', NULL, '', 2, 'no', NULL, NULL),
(44, 1, 'main', 1, 1, 37, 'Web-Apps', 'cms', 'cms/page/index', NULL, '', 3, 'no', NULL, NULL),
(45, 1, 'main', 1, 1, 38, 'Domains', 'cms', 'cms/page/index', NULL, '', 5, 'no', NULL, NULL),
(46, 1, 'main', 1, 1, 63, 'Datacenter', 'cms', 'cms/page/index', NULL, '', 7, 'no', NULL, NULL),
(48, 1, 'footer', 0, 0, NULL, 'Contact', '', NULL, NULL, '', 10, 'no', NULL, NULL),
(49, 1, 'footer', 1, 48, 57, 'Blog', 'cms', 'cms/page/index', NULL, '', 2, 'no', NULL, NULL),
(51, 1, 'footer', 1, 48, 56, 'Jobs', 'cms', 'cms/page/index', NULL, '', 3, 'no', NULL, NULL),
(52, 1, 'footer', 0, 0, NULL, 'Terms of Use', '', NULL, NULL, '', 8, 'no', NULL, NULL),
(53, 1, 'footer', 1, 52, 42, 'Impressum', 'cms', 'cms/page/index', NULL, '', 1, 'no', NULL, NULL),
(54, 1, 'footer', 1, 52, 43, 'AGB', 'cms', 'cms/page/index', NULL, '', 2, 'no', NULL, NULL),
(55, 1, 'footer', 0, 0, NULL, 'Help', '', NULL, NULL, '', 9, 'no', NULL, NULL),
(56, 1, 'footer', 1, 55, 45, 'API Manuals', 'cms', 'cms/page/index', NULL, '', 1, 'no', NULL, NULL),
(57, 1, 'footer', 1, 55, NULL, 'Sitemap', 'cms', 'cms/sitemap/index', NULL, '', 2, 'no', NULL, NULL),
(61, 1, 'main', 1, 1, 61, 'Google Ads', 'cms', 'cms/page/index', NULL, '', 4, 'no', NULL, NULL),
(62, 1, 'footer', 0, 0, NULL, 'Web Services', '', NULL, NULL, '', 1, 'no', NULL, NULL),
(63, 1, 'footer', 0, 0, NULL, 'Social Media', '', NULL, NULL, '', 2, 'no', NULL, NULL),
(64, 1, 'footer', 0, 0, NULL, 'Mobile Marketing', '', NULL, NULL, '', 3, 'no', NULL, NULL),
(65, 1, 'footer', 0, 0, NULL, 'Telecom', '', NULL, NULL, '', 4, 'no', NULL, NULL),
(66, 1, 'footer', 0, 0, NULL, 'Design/Graphics', '', NULL, NULL, '', 5, 'no', NULL, NULL),
(67, 1, 'footer', 0, 0, NULL, 'Products', '', NULL, NULL, '', 6, 'no', NULL, NULL),
(68, 1, 'footer', 0, 0, NULL, 'We for you', '', NULL, NULL, '', 7, 'no', NULL, NULL),
(70, 1, 'footer', 1, 62, 2, 'Websites', 'cms', 'cms/page/index', NULL, '', 1, 'no', NULL, NULL),
(71, 1, 'footer', 1, 62, 36, 'Landingpage', 'cms', 'cms/page/index', NULL, '', 2, 'no', NULL, NULL),
(72, 1, 'footer', 1, 62, 37, 'Web-Apps', 'cms', 'cms/page/index', NULL, '', 3, 'no', NULL, NULL),
(73, 1, 'footer', 1, 62, 61, 'Google Ads', 'cms', 'cms/page/index', NULL, '', 4, 'no', NULL, NULL),
(74, 1, 'footer', 1, 62, 38, 'Domains', 'cms', 'cms/page/index', NULL, '', 5, 'no', NULL, NULL),
(75, 1, 'footer', 1, 62, 3, 'Hosting', 'cms', 'cms/page/index', NULL, '', 6, 'no', NULL, NULL),
(76, 1, 'footer', 1, 62, 63, 'Datacenter', 'cms', 'cms/page/index', NULL, '', 7, 'no', NULL, NULL),
(77, 1, 'footer', 1, 63, 4, 'MFA', 'cms', 'cms/page/index', NULL, '', 1, 'no', NULL, NULL),
(78, 1, 'footer', 1, 63, 5, 'App Development', 'cms', 'cms/page/index', NULL, '', 2, 'no', NULL, NULL),
(79, 1, 'footer', 1, 63, 6, 'Concept/consulting', 'cms', 'cms/page/index', NULL, '', 3, 'no', NULL, NULL),
(80, 1, 'footer', 1, 63, 7, 'FB advertising', 'cms', 'cms/page/index', NULL, '', 4, 'no', NULL, NULL),
(81, 1, 'footer', 1, 63, 8, 'Moderation', 'cms', 'cms/page/index', NULL, '', 5, 'no', NULL, NULL),
(82, 1, 'footer', 1, 64, 9, 'SMS mass mailing', 'cms', 'cms/page/index', NULL, '', 1, 'no', NULL, NULL),
(83, 1, 'footer', 1, 64, 10, 'SMS Newsletter', 'cms', 'cms/page/index', NULL, '', 2, 'no', NULL, NULL),
(84, 1, 'footer', 1, 64, 11, 'SMS Winning game', 'cms', 'cms/page/index', NULL, '', 3, 'no', NULL, NULL),
(85, 1, 'footer', 1, 64, 12, 'SMS Voting', 'cms', 'cms/page/index', NULL, '', 4, 'no', NULL, NULL),
(86, 1, 'footer', 1, 64, 13, 'Premium SMS', 'cms', 'cms/page/index', NULL, '', 5, 'no', NULL, NULL),
(87, 1, 'footer', 1, 64, 14, 'Inbound SMS Service', 'cms', 'cms/page/index', NULL, '', 6, 'no', NULL, NULL),
(88, 1, 'footer', 1, 64, 15, 'Pay by SMS', 'cms', 'cms/page/index', NULL, '', 7, 'no', NULL, NULL),
(89, 1, 'footer', 1, 65, 16, 'Bulk SMS for Carrier', 'cms', 'cms/page/index', NULL, '', 1, 'no', NULL, NULL),
(90, 1, 'footer', 1, 65, 17, 'Call&Win', 'cms', 'cms/page/index', NULL, '', 2, 'no', NULL, NULL),
(91, 1, 'footer', 1, 65, 18, 'Call&Vote', 'cms', 'cms/page/index', NULL, '', 3, 'no', NULL, NULL),
(92, 1, 'footer', 1, 65, 19, 'Number Hosting', 'cms', 'cms/page/index', NULL, '', 4, 'no', NULL, NULL),
(93, 1, 'footer', 1, 66, 20, 'Consulting/Concept', 'cms', 'cms/page/index', NULL, '', 1, 'no', NULL, NULL),
(94, 1, 'footer', 1, 66, 21, 'Designs', 'cms', 'cms/page/index', NULL, '', 2, 'no', NULL, NULL),
(95, 1, 'footer', 1, 66, 23, 'Video', 'cms', 'cms/page/index', NULL, '', 3, 'no', NULL, NULL),
(96, 1, 'footer', 1, 66, 24, 'Offers', 'cms', 'cms/page/index', NULL, '', 4, 'no', NULL, NULL),
(97, 1, 'footer', 1, 67, 25, 'iCard', 'cms', 'cms/page/index', NULL, '', 1, 'no', NULL, NULL),
(98, 1, 'footer', 1, 67, 26, 'Megapromo', 'cms', 'cms/page/index', NULL, '', 2, 'no', NULL, NULL),
(99, 1, 'footer', 1, 67, 27, 'SMS&Park', 'cms', 'cms/page/index', NULL, '', 3, 'no', NULL, NULL),
(100, 1, 'footer', 1, 67, 28, 'SMS&Win', 'cms', 'cms/page/index', NULL, '', 4, 'no', NULL, NULL),
(101, 1, 'footer', 1, 67, 62, 'MFA', 'cms', 'cms/page/index', NULL, '', 5, 'no', NULL, NULL),
(102, 1, 'footer', 1, 67, 29, 'Call&Pay', 'cms', 'cms/page/index', NULL, '', 6, 'no', NULL, NULL),
(103, 1, 'footer', 1, 67, 30, 'Intranet Apps', 'cms', 'cms/page/index', NULL, '', 7, 'no', NULL, NULL),
(104, 1, 'footer', 1, 68, 31, 'Marketing Technology', 'cms', 'cms/page/index', NULL, '', 2, 'no', NULL, NULL),
(105, 1, 'footer', 1, 68, 32, 'About us', 'cms', 'cms/page/index', NULL, '', 3, 'no', NULL, NULL),
(106, 1, 'footer', 1, 68, 33, 'Team', 'cms', 'cms/page/index', NULL, '', 4, 'no', NULL, NULL),
(107, 1, 'footer', 1, 68, 34, 'Expertise', 'cms', 'cms/page/index', NULL, '', 5, 'no', NULL, NULL),
(108, 1, 'footer', 1, 68, 35, 'Awards', 'cms', 'cms/page/index', NULL, '', 6, 'no', NULL, NULL),
(109, 1, 'footer', 1, 48, NULL, 'Contact us', 'cms', 'contact/generic/index', 'form_id/contact', '', 1, 'no', NULL, NULL),
(110, 1, 'footer', 1, 52, 64, 'Security and Privacy', 'cms', 'cms/page/index', NULL, '', 3, 'no', NULL, NULL),
(112, 1, 'footer', 1, 68, NULL, 'Contact', 'cms', 'contact/generic/index', 'form_id/contact', '', 1, 'no', NULL, NULL);

--
-- Dumping data for table `cms_menu_item_tr`
--

INSERT INTO `cms_menu_item_tr` (`id`, `language`, `translation_id`, `name`, `uri`, `meta`) VALUES
(28, 'de', 2, 'Social Media', NULL, NULL),
(29, 'de', 3, 'Mobile Marketing', NULL, NULL),
(30, 'de', 4, 'Telecom', NULL, NULL),
(31, 'de', 5, 'Design/Graphics', NULL, NULL),
(32, 'de', 6, 'Produkte', NULL, NULL),
(33, 'de', 7, 'Wir für Sie', NULL, NULL),
(34, 'de', 8, 'Webseiten (responsive)', NULL, NULL),
(35, 'de', 9, 'MFA', NULL, NULL),
(36, 'de', 10, 'App-Entwicklung', NULL, NULL),
(37, 'de', 11, 'Konzept/Beratung', NULL, NULL),
(38, 'de', 12, 'FB-Werbung', NULL, NULL),
(39, 'de', 13, 'Moderation', NULL, NULL),
(40, 'de', 14, 'SMS Massenversand (Bulk SMS) ', NULL, NULL),
(41, 'de', 15, 'SMS Newsletter', NULL, NULL),
(42, 'de', 16, 'SMS Gewinnspiele', NULL, NULL),
(43, 'de', 17, 'SMS Voting', NULL, NULL),
(44, 'de', 18, 'Premium SMS', NULL, NULL),
(45, 'de', 19, 'Inbound SMS Service', NULL, NULL),
(46, 'de', 20, 'Bezahlen per SMS', NULL, NULL),
(47, 'de', 21, 'Bulk SMS für Carrier', NULL, NULL),
(48, 'de', 22, 'Telefon Gewinnspiele', NULL, NULL),
(49, 'de', 23, 'Telefon Voting', NULL, NULL),
(50, 'de', 24, 'Rufnummer Hosting', NULL, NULL),
(97, 'en', 28, 'Special Offers', NULL, NULL),
(52, 'de', 26, 'Designs', NULL, NULL),
(53, 'de', 27, 'Video', NULL, NULL),
(54, 'de', 28, 'Angebote', NULL, NULL),
(55, 'de', 29, 'iCard', NULL, NULL),
(56, 'de', 30, 'Megapromo', NULL, NULL),
(57, 'de', 31, 'SMS&Park', NULL, NULL),
(58, 'de', 32, 'SMS&Win', NULL, NULL),
(127, 'de', 60, 'MFA', NULL, NULL),
(60, 'de', 34, 'Call&Pay', NULL, NULL),
(61, 'de', 35, 'Intranet Apps', NULL, NULL),
(62, 'de', 36, 'Kontakt', NULL, NULL),
(63, 'de', 37, 'Marketing Technologie', NULL, NULL),
(64, 'de', 38, 'Über uns (+Philosophie)', NULL, NULL),
(65, 'de', 39, 'Team', NULL, NULL),
(66, 'de', 40, 'Kompetenzen', NULL, NULL),
(67, 'de', 41, 'Auszeichnungen', NULL, NULL),
(68, 'de', 42, 'Hosting (Web/Mail)', NULL, NULL),
(69, 'de', 43, 'Landingpage', NULL, NULL),
(70, 'de', 44, 'Web-Apps', NULL, NULL),
(71, 'de', 45, 'Domains', NULL, NULL),
(72, 'de', 46, 'Datacenter', NULL, NULL),
(73, 'de', 61, 'Google Ads', NULL, NULL),
(74, 'de', 48, 'Kontakt', NULL, NULL),
(75, 'de', 49, 'Blog', '', NULL),
(77, 'de', 51, 'Jobs', 'www.google.com', NULL),
(78, 'de', 52, 'Rechtliches', NULL, NULL),
(79, 'de', 53, 'Impressum', NULL, NULL),
(80, 'de', 54, 'AGB', NULL, NULL),
(81, 'de', 55, 'Hilfe', NULL, NULL),
(82, 'de', 56, 'API Manuals', NULL, NULL),
(83, 'de', 57, 'Sitemap', NULL, NULL),
(84, 'de', 1, 'Web Services', NULL, NULL),
(85, 'en', 7, 'We for You', NULL, NULL),
(86, 'en', 6, 'Products', NULL, NULL),
(87, 'en', 48, 'Contact', NULL, NULL),
(88, 'en', 36, 'Contact', NULL, NULL),
(89, 'en', 38, 'About us', NULL, NULL),
(90, 'en', 37, 'Marketing Technology', NULL, NULL),
(91, 'en', 40, 'Expertise', NULL, NULL),
(92, 'en', 41, 'Awards', NULL, NULL),
(93, 'en', 39, 'Our Team', NULL, NULL),
(96, 'de', 58, 'Beratung/Konzept', NULL, NULL),
(95, 'en', 11, 'Concept and Consulting', NULL, NULL),
(98, 'en', 26, 'Design Areas', NULL, NULL),
(99, 'en', 27, 'Videos', NULL, NULL),
(100, 'en', 29, 'iCard', NULL, NULL),
(101, 'en', 30, 'Megapromo', NULL, NULL),
(102, 'en', 31, 'SMS & Park', NULL, NULL),
(103, 'en', 32, 'SMS & Win', NULL, NULL),
(104, 'en', 34, 'Call & Pay', NULL, NULL),
(105, 'en', 35, 'Intranet Apps', NULL, NULL),
(106, 'en', 21, 'Bulk SMS for Carrier', NULL, NULL),
(107, 'en', 22, 'Call & Win', NULL, NULL),
(108, 'en', 23, 'Call & Vote', NULL, NULL),
(109, 'en', 24, 'Premium Number Hosting', NULL, NULL),
(110, 'en', 14, 'Bulk SMS', NULL, NULL),
(111, 'en', 15, 'SMS Newsletter', NULL, NULL),
(112, 'en', 16, 'SMS Winning game', NULL, NULL),
(113, 'en', 17, 'SMS Voting', NULL, NULL),
(114, 'en', 18, 'Premium SMS', NULL, NULL),
(115, 'en', 19, 'Inbound SMS Service', NULL, NULL),
(116, 'en', 20, 'SMS & Pay', NULL, NULL),
(117, 'en', 10, 'App Development', NULL, NULL),
(118, 'en', 12, 'Facebook Ads', NULL, NULL),
(119, 'en', 13, 'Moderation', NULL, NULL),
(120, 'en', 8, 'Responsive Web Design', NULL, NULL),
(121, 'en', 43, 'Landing Pages', NULL, NULL),
(122, 'en', 44, 'Web Apps', NULL, NULL),
(123, 'en', 61, 'Google Ads', NULL, NULL),
(124, 'en', 45, 'Domain Registration', NULL, NULL),
(125, 'en', 42, 'Web Hosting', NULL, NULL),
(126, 'en', 46, 'Data Center', NULL, NULL),
(128, 'en', 53, 'Impressum', NULL, NULL),
(129, 'en', 54, 'AGB', NULL, NULL),
(130, 'en', 52, 'Terms of Use', NULL, NULL),
(131, 'en', 55, 'Help', NULL, NULL),
(132, 'en', 56, 'API Manuals', NULL, NULL),
(133, 'en', 58, 'Consulting and Concept', NULL, NULL),
(134, 'en', 70, 'Responsive Web Design', NULL, NULL),
(135, 'en', 71, 'Landing Pages', NULL, NULL),
(136, 'en', 72, 'Web Apps', NULL, NULL),
(137, 'en', 73, 'Google Ads', NULL, NULL),
(138, 'en', 74, 'Domain Registration', NULL, NULL),
(139, 'en', 75, 'Web Hosting', NULL, NULL),
(140, 'en', 76, 'Data Center', NULL, NULL),
(141, 'en', 77, 'megafanapps.com', NULL, NULL),
(142, 'en', 78, 'App Development', NULL, NULL),
(143, 'en', 79, 'Concept and Consulting', NULL, NULL),
(144, 'en', 80, 'Facebook Ads', NULL, NULL),
(145, 'en', 81, 'Moderation', NULL, NULL),
(146, 'en', 82, 'Bulk SMS', NULL, NULL),
(147, 'en', 83, 'SMS Newsletter', NULL, NULL),
(148, 'en', 84, 'SMS Winning game', NULL, NULL),
(149, 'en', 85, 'SMS Voting', NULL, NULL),
(150, 'en', 86, 'Premium SMS', NULL, NULL),
(151, 'en', 87, 'Inbound SMS Service', NULL, NULL),
(152, 'en', 88, 'SMS & Pay', NULL, NULL),
(153, 'en', 89, 'Bulk SMS for Carrier', NULL, NULL),
(154, 'en', 90, 'Call & Win', NULL, NULL),
(155, 'en', 91, 'Call & Vote', NULL, NULL),
(156, 'en', 92, 'Premium Number Hosting', NULL, NULL),
(157, 'en', 93, 'Consulting and Concept', NULL, NULL),
(158, 'en', 94, 'Design Areas', NULL, NULL),
(159, 'en', 95, 'Videos', NULL, NULL),
(160, 'en', 96, 'Special Offers', NULL, NULL),
(161, 'en', 97, 'iCard', NULL, NULL),
(162, 'en', 98, 'Megapromo', NULL, NULL),
(163, 'en', 99, 'SMS & Park', NULL, NULL),
(164, 'en', 100, 'SMS & Win', NULL, NULL),
(165, 'en', 101, 'megafanapps.com', NULL, NULL),
(166, 'en', 102, 'Call & Pay', NULL, NULL),
(167, 'en', 103, 'Intranet Apps', NULL, NULL),
(168, 'en', 104, 'Marketing Technology', NULL, NULL),
(169, 'en', 105, 'About us', NULL, NULL),
(170, 'en', 106, 'Our Team', NULL, NULL),
(171, 'en', 107, 'Expertise', NULL, NULL),
(172, 'en', 108, 'Awards', NULL, NULL),
(173, 'en', 67, 'Products', NULL, NULL),
(174, 'en', 68, 'We for you', NULL, NULL),
(175, 'de', 70, 'Webseiten', NULL, NULL),
(176, 'de', 68, 'Wir für Sie', NULL, NULL),
(177, 'de', 67, 'Produkte', NULL, NULL),
(178, 'de', 109, 'Kontakt sie', NULL, NULL),
(179, 'en', 109, 'Contact us', NULL, NULL),
(180, 'de', 104, 'Marketing Technologie', NULL, NULL),
(181, 'de', 105, 'Über uns', NULL, NULL),
(182, 'de', 107, 'Kompetenzen', NULL, NULL),
(183, 'de', 108, 'Auszeichnungen', NULL, NULL),
(184, 'de', 106, 'Team', NULL, NULL),
(185, 'en', 9, 'megafanapps.com', NULL, NULL),
(186, 'en', 60, 'megafanapps.com', NULL, NULL),
(187, 'en', 110, 'Security and Privacy', NULL, NULL),
(188, 'en', 51, 'Jobs', NULL, NULL),
(189, 'en', 49, 'Blog', NULL, NULL);

--
-- Dumping data for table `cms_page`
--

INSERT INTO `cms_page` (`id`, `code`, `url_id`, `application_id`, `type_id`, `user_id`, `posted`, `format`, `title`, `content`, `status`, `teaser`, `data`, `meta`, `content_type`) VALUES
(2, 'websites', 'websites', 1, 1, 1, '2014-09-03 15:20:32', 'path', 'Webseiten', '<p>Webseiten (responsive)</p>', 'published', NULL, '{"teaser_image":""}', '{"keywords":"webseiten,responsive","description":"Webseiten (responsive)"}', 'PUBLIC'),
(3, 'hosting-web-mail', 'hosting-web-mail', 1, 1, 1, '2014-09-03 15:21:22', 'path', 'Hosting (Web/Mail)', '<p>Hosting (Web/Mail)</p>', 'published', NULL, '{"teaser_image":""}', '{"keywords":"hosting,Web,Mail","description":"Hosting (Web\\/Mail)"}', 'PUBLIC'),
(4, 'mfa', 'mfa', 1, 1, 1, '2014-09-03 15:23:55', 'path', 'MFA', '<p>MFA</p>', 'published', NULL, '{"teaser_image":""}', '{"keywords":"","description":""}', 'PUBLIC'),
(5, 'app-development', 'app-development', 1, 1, 1, '2014-09-03 15:25:50', 'path', 'App-Entwicklung', '<p>App-Entwicklung</p>', 'published', NULL, '{"teaser_image":""}', '{"keywords":"","description":""}', 'PUBLIC'),
(6, 'concept-consulting', 'concept-consulting', 1, 1, 1, '2014-09-03 15:28:52', 'path', 'Konzept/Beratung', '<p>Konzept/Beratung</p>', 'published', NULL, '{"teaser_image":""}', '{"keywords":"","description":""}', 'PUBLIC'),
(7, 'fb-advertising', 'fb-advertising', 1, 1, 1, '2014-09-03 16:02:17', 'path', 'FB-Werbung', '<p>FB-Werbung</p>', 'published', NULL, '{"teaser_image":""}', '{"keywords":"","description":""}', 'PUBLIC'),
(8, 'moderation', 'moderation', 1, 1, 1, '2014-09-03 16:02:29', 'path', 'Moderation', '<p>Moderation</p>', 'published', NULL, '{"teaser_image":""}', '{"keywords":"","description":""}', 'PUBLIC'),
(9, 'sms-mass-mailing', 'sms-mass-mailing', 1, 1, 1, '2014-09-03 16:04:47', 'path', 'SMS Massenversand', '<p>SMS Massenversand (Bulk SMS)</p>', 'published', NULL, '{"teaser_image":""}', '{"keywords":"","description":""}', 'PUBLIC'),
(10, 'sms-newsletter', 'sms-newsletter', 1, 1, 1, '2014-09-03 16:05:59', 'path', 'SMS Newsletter', '<p>SMS Newsletter</p>', 'published', NULL, '{"teaser_image":""}', '{"keywords":"","description":""}', 'PUBLIC'),
(11, 'sms-winning-game', 'sms-winning-game', 1, 1, 1, '2014-09-03 16:07:07', 'path', 'SMS Gewinnspiele', 'sms-gewinnspiele.phtml', 'published', NULL, '{"teaser_image":""}', '{"keywords":"","description":""}', 'PUBLIC'),
(12, 'sms-voting', 'sms-voting', 1, 1, 1, '2014-09-03 16:07:16', 'path', 'SMS Voting', '<p>SMS Voting</p>', 'published', NULL, '{"teaser_image":""}', '{"keywords":"","description":""}', 'PUBLIC'),
(13, 'premium-sms', 'premium-sms', 1, 1, 1, '2014-09-03 16:07:25', 'path', 'Premium SMS', '<p>Premium SMS</p>', 'published', NULL, '{"teaser_image":""}', '{"keywords":"","description":""}', 'PUBLIC'),
(14, 'inbound-sms-service', 'inbound-sms-service', 1, 1, 1, '2014-09-03 16:07:40', 'path', 'Inbound SMS Service', '<p>inbound SMS Service</p>', 'published', NULL, '{"teaser_image":""}', '{"keywords":"","description":""}', 'PUBLIC'),
(15, 'pay-by-sms', 'pay-by-sms', 1, 1, 1, '2014-09-03 16:07:49', 'path', 'Bezahlen per SMS', '<p>Bezahlen per SMS</p>', 'published', NULL, '{"teaser_image":""}', '{"keywords":"","description":""}', 'PUBLIC'),
(16, 'bulk-sms-for-carrier', 'bulk-sms-for-carrier', 1, 1, 1, '2014-09-04 08:43:43', 'path', 'Bulk SMS für Carrier', '<p>Bulk SMS f&uuml;r Carrier</p>', 'published', NULL, '{"teaser_image":""}', '{"keywords":"","description":""}', 'PUBLIC'),
(17, 'call-win', 'call-win', 1, 1, 1, '2014-09-04 08:43:53', 'path', 'Telefon Gewinnspiele', '<p>Telefon Gewinnspiele</p>', 'published', NULL, '{"teaser_image":""}', '{"keywords":"","description":""}', 'PUBLIC'),
(18, 'call-win', 'call-win', 1, 1, 1, '2014-09-04 08:44:02', 'path', 'Telefon Voting', '<p>Telefon Voting</p>', 'published', NULL, '{"teaser_image":""}', '{"keywords":"","description":""}', 'PUBLIC'),
(19, 'number-hosting', 'number-hosting', 1, 1, 1, '2014-09-04 08:44:14', 'path', 'Rufnummer Hosting', '<p>Rufnummer Hosting</p>', 'published', NULL, '{"teaser_image":""}', '{"keywords":"","description":""}', 'PUBLIC'),
(20, 'consulting-concept', 'consulting-concept', 1, 1, 1, '2014-09-04 08:47:55', 'path', 'Beratung/Konzept', '<div class="row">\n<div class="col-lg-12 newsTitle">\n<h1>Gestaltung</h1>\n<span>tragt zu deinem Image bei</span></div>\n<div class="col-lg-8">\n<p>Platzhaltertext auf zwei Zeilen. Boribus maio aum qui tem fuga. Mendent oremporem non reis ium volum quaerepro ime vel min cusa quam, opta doluptam eium nobitinvel id mos exerenti con eatiate ndanis a cus archill enecto excearum ecendel.</p>\n</div>\n</div>\n<div class="row">\n<h3>Unsere Bereiche</h3>\n<div class="col-lg-3">\n<ul>\n<li>Beratung, Analyse und Optimierung</li>\n<li>Logodesign</li>\n<li>Corporate Design</li>\n<li>Bildearbeitung und Illustrationen</li>\n<li>Flyer - und inserategestaltung</li>\n<li>Broschurengestaltung</li>\n</ul>\n</div>\n<div class="col-lg-3">\n<ul>\n<li>Beratung, Analyse und Optimierung</li>\n<li>Logodesign</li>\n<li>Corporate Design</li>\n<li>Bildearbeitung und Illustrationen</li>\n<li>Flyer - und inserategestaltung</li>\n<li>Broschurengestaltung</li>\n</ul>\n</div>\n</div>', 'published', '', '{"teaser_image":""}', '{"keywords":"","description":""}', 'PUBLIC'),
(21, 'designs', 'designs', 1, 1, 1, '2014-09-04 08:48:55', 'path', 'Designs', 'designs.phtml', 'published', NULL, '{"teaser_image":""}', '{"keywords":"","description":""}', 'PUBLIC'),
(23, 'video', 'video', 1, 1, 1, '2014-09-04 08:49:19', 'path', 'Video (Webvideo)', '<p>Video (Webvideo)</p>', 'published', NULL, '{"teaser_image":""}', '{"keywords":"","description":""}', 'PUBLIC'),
(24, 'offers', 'offers', 1, 1, 1, '2014-09-04 08:49:34', 'path', 'Angebote', '<p>Angebote</p>', 'published', NULL, '{"teaser_image":""}', '{"keywords":"","description":""}', 'PUBLIC'),
(25, 'icard', 'icard', 1, 1, 1, '2014-09-04 09:05:23', 'path', 'iCard', '<p>iCard</p>', 'published', NULL, '{"teaser_image":""}', '{"keywords":"","description":""}', 'PUBLIC'),
(26, 'megapromo', 'megapromo', 1, 1, 1, '2014-09-04 09:05:32', 'path', 'Megapromo', '<p>Megapromo</p>', 'published', NULL, '{"teaser_image":""}', '{"keywords":"","description":""}', 'PUBLIC'),
(27, 'smspark', 'smspark', 1, 1, 1, '2014-09-04 09:05:42', 'path', 'SMS&Park', '<p>SMS&amp;Park</p>', 'published', NULL, '{"teaser_image":""}', '{"keywords":"","description":""}', 'PUBLIC'),
(28, 'smswin', 'smswin', 1, 1, 1, '2014-09-04 09:05:52', 'path', 'SMS&Win', '<p>SMS&amp;Win</p>', 'published', NULL, '{"teaser_image":""}', '{"keywords":"","description":""}', 'PUBLIC'),
(29, 'callpay', 'callpay', 1, 1, 1, '2014-09-04 09:06:24', 'path', 'Call&Pay', '<p>Call&amp;Pay</p>', 'published', NULL, '{"teaser_image":""}', '{"keywords":"","description":""}', 'PUBLIC'),
(30, 'intranet-apps', 'intranet-apps', 1, 1, 1, '2014-09-04 09:06:36', 'path', 'Intranet Apps', '<p>Intranet Apps</p>', 'published', NULL, '{"teaser_image":""}', '{"keywords":"","description":""}', 'PUBLIC'),
(31, 'marketing-technology', 'marketing-technology', 1, 1, 1, '2014-09-04 09:07:02', 'path', 'Marketing Technologie', '<p>Marketing Technologie</p>', 'published', NULL, '{"teaser_image":""}', '{"keywords":"","description":""}', 'PUBLIC'),
(32, 'about-us', 'about-us', 1, 1, 1, '2014-09-04 09:07:14', 'path', 'Über uns', '<p>&Uuml;ber uns (+Philosophie)</p>', 'published', NULL, '{"teaser_image":""}', '{"keywords":"","description":""}', 'PUBLIC'),
(33, 'team', 'team', 1, 1, 1, '2014-09-04 09:07:23', 'path', 'Team', '<p>Team</p>', 'published', NULL, '{"teaser_image":""}', '{"keywords":"","description":""}', 'PUBLIC'),
(34, 'expertise', 'expertise', 1, 1, 1, '2014-09-04 09:07:30', 'path', 'Competencies', 'en/expertise.phtml', 'published', '', '{"teaser_image":""}', '{"keywords":"","description":""}', 'PUBLIC'),
(35, 'awards', 'awards', 1, 1, 1, '2014-09-04 09:07:43', 'path', 'Auszeichnungen', '<p>Auszeichnungen (top-rating.ch)</p>', 'published', NULL, '{"teaser_image":""}', '{"keywords":"","description":""}', 'PUBLIC'),
(36, 'landingpage', 'landingpage', 1, 1, 1, '2014-09-04 10:12:18', 'path', 'Landingpage', '<p>Landingpage</p>', 'published', NULL, '{"teaser_image":""}', '{"keywords":"","description":""}', 'PUBLIC'),
(37, 'web-apps', 'web-apps', 1, 1, 1, '2014-09-04 10:12:26', 'path', 'Web-Apps', '<p>Web-Apps</p>', 'published', NULL, '{"teaser_image":""}', '{"keywords":"","description":""}', 'PUBLIC'),
(42, 'impressum', 'impressum', 1, 1, 1, '2014-09-04 11:37:46', 'path', 'Impressum', '<p>Impressum</p>', 'published', NULL, '{"teaser_image":""}', '{"keywords":"","description":""}', 'PUBLIC'),
(43, 'agb', 'agb', 1, 1, 1, '2014-09-04 11:37:56', 'path', 'AGB', '<p>AGB</p>', 'published', NULL, '{"teaser_image":""}', '{"keywords":"","description":""}', 'PUBLIC'),
(44, 'help', 'help', 1, 1, 1, '2014-09-04 11:38:06', 'path', 'Hilfe', '<p>Hilfe</p>', 'published', NULL, '{"teaser_image":""}', '{"keywords":"","description":""}', 'PUBLIC'),
(45, 'api-manuals', 'api-manuals', 1, 1, 1, '2014-09-04 11:38:12', 'path', 'API Manuals', '<p>API Manuals</p>', 'published', NULL, '{"teaser_image":""}', '{"keywords":"","description":""}', 'PUBLIC'),
(38, 'domains', 'domains', 1, 1, 1, '2014-09-04 10:12:26', 'path', 'Domains', '<p>Domains</p>', 'published', NULL, '{"teaser_image":""}', '{"keywords":"","description":""}', 'PUBLIC'),
(61, 'google-ads', 'google-ads', 1, 1, 1, '2014-09-04 11:38:48', 'path', 'Google Ads', '<p>google ads</p>', 'published', NULL, '{"teaser_image":""}', '{"keywords":"","description":""}', 'PUBLIC'),
(56, 'jobs', 'jobs', 1, 1, 1, '2014-09-04 11:38:12', 'path', 'Jobs', '<p>Jobs</p>', 'published', NULL, '{"teaser_image":""}', '{"keywords":"","description":""}', 'PUBLIC'),
(57, 'blog', 'blog', 1, 1, 1, '2014-09-04 11:38:12', 'path', 'Blog', '<p>Blog</p>', 'published', NULL, '{"teaser_image":""}', '{"keywords":"","description":""}', 'PUBLIC'),
(58, 'search', 'search', 1, 1, 1, '2014-10-23 16:08:03', 'path', 'Search', '<gcse:searchresults-only></gcse:searchresults-only>', 'published', '', '{"teaser_image":""}', '{"keywords":"","description":""}', 'PUBLIC'),
(59, 'home', 'home', 1, 1, 1, '2014-09-04 11:38:48', 'path', 'Home', 'home.phtml', 'published', NULL, '{"teaser_image":""}', '{"keywords":"","description":""}', 'PUBLIC'),
(60, 'intro', 'intro', 1, 1, 1, '2014-09-04 11:38:48', 'path', 'Intro', 'intro.phtml', 'published', NULL, '{"teaser_image":""}', '{"keywords":"","description":""}', 'PUBLIC'),
(62, 'megafanapps', 'megafanapps', 1, 1, 1, '2014-09-03 15:23:55', 'path', 'MFA', '<p>MFA</p>', 'published', NULL, '{"teaser_image":""}', '{"keywords":"","description":""}', 'PUBLIC'),
(63, 'data-center', 'data-center', 1, 1, 1, '2014-09-03 15:23:55', 'path', 'Data Center', '<p>Data Center</p>', 'published', NULL, '{"teaser_image":""}', '{"keywords":"","description":""}', 'PUBLIC'),
(64, 'security-privacy', 'security-privacy', 1, 1, 1, '2014-09-04 11:37:56', 'path', 'Security and Privacy', 'en/security-privacy.phtml', 'published', '', '{"teaser_image":""}', '{"keywords":"","description":""}', 'PUBLIC');

--
-- Dumping data for table `cms_page_tr`
--

INSERT INTO `cms_page_tr` (`id`, `language`, `translation_id`, `url_id`, `title`, `content`, `teaser`, `data`, `meta`) VALUES
(2, 'de', 2, 'websites', 'Webseiten (responsive)', 'de/websites.phtml', NULL, '{"teaser_image":""}', '{"keywords":"webseiten,responsive","description":"Webseiten (responsive)"}'),
(3, 'de', 3, 'hosting-web-mail', 'Hosting (Web/Mail)', 'de/hosting-web-mail.phtml', NULL, '{"teaser_image":""}', '{"keywords":"hosting,Web,Mail","description":"Hosting (Web\\/Mail)"}'),
(4, 'de', 4, 'mfa', 'MFA', 'de/mfa.phtml', NULL, '{"teaser_image":""}', '{"keywords":"","description":""}'),
(5, 'de', 5, 'app-development', 'App-Entwicklung', 'de/app-development.phtml', NULL, '{"teaser_image":""}', '{"keywords":"","description":""}'),
(6, 'de', 6, 'concept-consulting', 'Konzept/Beratung', 'de/concept-consulting.phtml', NULL, '{"teaser_image":""}', '{"keywords":"","description":""}'),
(7, 'de', 7, 'fb-advertising', 'FB-Werbung', 'de/fb-advertising.phtml', NULL, '{"teaser_image":""}', '{"keywords":"","description":""}'),
(8, 'de', 8, 'moderation', 'Moderation', 'de/moderation.phtml', NULL, '{"teaser_image":""}', '{"keywords":"","description":""}'),
(9, 'de', 9, 'sms-mass-mailing', 'SMS Massenversand (Bulk SMS)', 'de/sms-mass-mailing.phtml', NULL, '{"teaser_image":""}', '{"keywords":"","description":""}'),
(10, 'de', 10, 'sms-newsletter', 'SMS Newsletter', 'de/sms-newsletter.phtml', NULL, '{"teaser_image":""}', '{"keywords":"","description":""}'),
(11, 'de', 11, 'sms-winning-game', 'SMS Gewinnspiele', 'de/sms-winning-game.phtml', NULL, '{"teaser_image":""}', '{"keywords":"","description":""}'),
(12, 'de', 12, 'sms-voting', 'SMS Voting', 'de/sms-voting.phtml', NULL, '{"teaser_image":""}', '{"keywords":"","description":""}'),
(13, 'de', 13, 'premium-sms', 'Premium SMS', 'de/premium-sms.phtml', NULL, '{"teaser_image":""}', '{"keywords":"","description":""}'),
(14, 'de', 14, 'inbound-sms-service', 'Inbound SMS Service', 'de/inbound-sms-service.phtml', NULL, '{"teaser_image":""}', '{"keywords":"","description":""}'),
(15, 'de', 15, 'pay-by-sms', 'Bezahlen per SMS', 'de/pay-by-sms.phtml', NULL, '{"teaser_image":""}', '{"keywords":"","description":""}'),
(16, 'de', 16, 'bulk-sms-for-carrier', 'Bulk SMS für Carrier', 'de/bulk-sms-for-carrier.phtml', NULL, '{"teaser_image":""}', '{"keywords":"","description":""}'),
(17, 'de', 17, 'telefon-gewinnspiele', 'Telefon Gewinnspiele', 'de/call-win.phtml', NULL, '{"teaser_image":""}', '{"keywords":"","description":""}'),
(18, 'de', 18, 'telephone-voting', 'Telefon Voting', 'de/call-vote.phtml', NULL, '{"teaser_image":""}', '{"keywords":"","description":""}'),
(19, 'de', 19, 'number-hosting', 'Rufnummer Hosting', 'de/number-hosting.phtml', NULL, '{"teaser_image":""}', '{"keywords":"","description":""}'),
(20, 'de', 20, 'consulting-concept', 'Beratung/Konzept', 'de/consulting-concept.phtml', '', '{"teaser_image":""}', '{"keywords":"","description":""}'),
(21, 'de', 21, 'designs', 'Designs', 'de/designs.phtml', NULL, '{"teaser_image":""}', '{"keywords":"","description":""}'),
(23, 'de', 23, 'video', 'Video', 'de/video.phtml', NULL, '{"teaser_image":""}', '{"keywords":"","description":""}'),
(24, 'de', 24, 'offers', 'Angebote', 'de/offers.phtml', NULL, '{"teaser_image":""}', '{"keywords":"","description":""}'),
(25, 'de', 25, 'icard', 'iCard', 'de/icard.phtml', NULL, '{"teaser_image":""}', '{"keywords":"","description":""}'),
(26, 'de', 26, 'megapromo', 'Megapromo', 'de/megapromo.phtml', NULL, '{"teaser_image":""}', '{"keywords":"","description":""}'),
(27, 'de', 27, 'smspark', 'SMS&Park', 'de/smspark.phtml', NULL, '{"teaser_image":""}', '{"keywords":"","description":""}'),
(28, 'de', 28, 'smswin', 'SMS&Win', 'de/smswin.phtml', NULL, '{"teaser_image":""}', '{"keywords":"","description":""}'),
(29, 'de', 29, 'callpay', 'Call&Pay', 'de/callpay.phtml', NULL, '{"teaser_image":""}', '{"keywords":"","description":""}'),
(30, 'de', 30, 'intranet-apps', 'Intranet Apps', 'de/intranet-apps.phtml', NULL, '{"teaser_image":""}', '{"keywords":"","description":""}'),
(31, 'de', 31, 'marketing-technology', 'Marketing Technologie', 'de/marketing-technology.phtml', NULL, '{"teaser_image":""}', '{"keywords":"","description":""}'),
(32, 'de', 32, 'about-us', 'Über uns (+Philosophie)', 'de/about-us.phtml', NULL, '{"teaser_image":""}', '{"keywords":"","description":""}'),
(33, 'de', 33, 'team', 'Team', 'de/team.phtml', NULL, '{"teaser_image":""}', '{"keywords":"","description":""}'),
(34, 'de', 34, 'kompetenzen', 'Kompetenzen', 'de/competencies.phtml', NULL, '{"teaser_image":""}', '{"keywords":"","description":""}'),
(35, 'de', 35, 'awards', 'Auszeichnungen', 'de/awards.phtml', NULL, '{"teaser_image":""}', '{"keywords":"","description":""}'),
(36, 'de', 36, 'landingpage', 'Landingpage', 'de/landingpage.phtml', NULL, '{"teaser_image":""}', '{"keywords":"","description":""}'),
(37, 'de', 37, 'web-apps', 'Web-Apps', 'de/web-apps.phtml', NULL, '{"teaser_image":""}', '{"keywords":"","description":""}'),
(112, 'en', 38, 'domains', 'Domains', 'en/domains.phtml', NULL, '{"teaser_image":""}', '{"keywords":"","description":""}'),
(111, 'de', 38, 'domains', 'Domains', 'de/domains.phtml', NULL, '{"teaser_image":""}', '{"keywords":"","description":""}'),
(106, 'en', 58, 'search', 'Search', 'en/search.phtml', '', '{"teaser_image":""}', '{"keywords":"","description":""}'),
(42, 'de', 42, 'impressum', 'Impressum', 'de/impressum.phtml', NULL, '{"teaser_image":""}', '{"keywords":"","description":""}'),
(43, 'de', 43, 'agb', 'AGB', 'de/agb.phtml', NULL, '{"teaser_image":""}', '{"keywords":"","description":""}'),
(44, 'de', 44, 'help', 'Hilfe', 'de/help.phtml', NULL, '{"teaser_image":""}', '{"keywords":"","description":""}'),
(45, 'de', 45, 'api-manuals', 'API Manuals', 'de/api-manuals.phtml', NULL, '{"teaser_image":""}', '{"keywords":"","description":""}'),
(55, 'de', 55, 'slider-image', 'Slider Image', '', '', '{"img":"slider_images\\/slideImages.jpg","show":"1","teaser":"","order":"2","target":""}', NULL),
(54, 'de', 54, 'slider-images', 'Slider Images', '', '', '{"img":"slider_images\\/slideImages.jpg","show":"1","teaser":"","order":"1","target":""}', NULL),
(56, 'en', 32, 'about-us', 'About us', 'en/about-us.phtml', NULL, '{"teaser_image":""}', '{"keywords":"","description":""}'),
(57, 'en', 31, 'marketing-technology', 'Marketing Technology', 'en/marketing-technology.phtml', NULL, '{"teaser_image":""}', '{"keywords":"","description":""}'),
(58, 'en', 34, 'expertise', 'Expertise', 'en/expertise.phtml', '', '{"teaser_image":""}', '{"keywords":"","description":""}'),
(59, 'en', 35, 'awards', 'Awards', 'en/awards.phtml', NULL, '{"teaser_image":""}', '{"keywords":"","description":""}'),
(60, 'en', 33, 'team', 'Team', 'en/team.phtml', NULL, '{"teaser_image":""}', '{"keywords":"","description":""}'),
(61, 'en', 20, 'consulting-concept', 'Consulting/concept', 'en/consulting-concept.phtml', NULL, '{"teaser_image":""}', '{"keywords":"","description":""}'),
(62, 'en', 6, 'concept-consulting', 'Concept/Consulting', 'en/concept-consulting.phtml', NULL, '{"teaser_image":""}', '{"keywords":"","description":""}'),
(63, 'en', 24, 'offers', 'Offers', 'en/offers.phtml', NULL, '{"teaser_image":""}', '{"keywords":"","description":""}'),
(64, 'en', 21, 'designs', 'Designs', 'en/designs.phtml', NULL, '{"teaser_image":""}', '{"keywords":"","description":""}'),
(65, 'en', 23, 'video', 'Video', 'en/video.phtml', NULL, '{"teaser_image":""}', '{"keywords":"","description":""}'),
(66, 'en', 25, 'icard', 'iCard', 'en/icard.phtml', NULL, '{"teaser_image":""}', '{"keywords":"","description":""}'),
(67, 'en', 26, 'megapromo', 'Megapromo', 'en/megapromo.phtml', NULL, '{"teaser_image":""}', '{"keywords":"","description":""}'),
(68, 'en', 27, 'smspark', 'SMS&Park', 'en/smspark.phtml', NULL, '{"teaser_image":""}', '{"keywords":"","description":""}'),
(69, 'en', 28, 'smswin', 'SMS&Win', 'en/smswin.phtml', NULL, '{"teaser_image":""}', '{"keywords":"","description":""}'),
(70, 'en', 29, 'callpay', 'Call&Pay', 'en/callpay.phtml', NULL, '{"teaser_image":""}', '{"keywords":"","description":""}'),
(71, 'en', 30, 'intranet-apps', 'Intranet Apps', 'en/intranet-apps.phtml', NULL, '{"teaser_image":""}', '{"keywords":"","description":""}'),
(72, 'en', 16, 'bulk-sms-for-carrier', 'Bulk SMS for Carrier', 'en/bulk-sms-for-carrier.phtml', NULL, '{"teaser_image":""}', '{"keywords":"","description":""}'),
(73, 'en', 17, 'call-win', 'Call&Win', 'en/call-win.phtml', NULL, '{"teaser_image":""}', '{"keywords":"","description":""}'),
(74, 'en', 18, 'call-vote', 'Call&Vote', 'en/call-vote.phtml', NULL, '{"teaser_image":""}', '{"keywords":"","description":""}'),
(75, 'en', 19, 'number-hosting', 'Number Hosting', 'en/number-hosting.phtml', NULL, '{"teaser_image":""}', '{"keywords":"","description":""}'),
(76, 'en', 9, 'sms-mass-mailing', 'SMS mass mailing', 'en/sms-mass-mailing.phtml', NULL, '{"teaser_image":""}', '{"keywords":"","description":""}'),
(77, 'en', 10, 'sms-newsletter', 'SMS Newsletter', 'en/sms-newsletter.phtml', NULL, '{"teaser_image":""}', '{"keywords":"","description":""}'),
(78, 'en', 11, 'sms-winning-game', 'SMS Winning game', 'en/sms-winning-game.phtml', NULL, '{"teaser_image":""}', '{"keywords":"","description":""}'),
(79, 'en', 12, 'sms-voting', 'SMS Voting', 'en/sms-voting.phtml', NULL, '{"teaser_image":""}', '{"keywords":"","description":""}'),
(80, 'en', 13, 'premium-sms', 'Premium SMS', 'en/premium-sms.phtml', NULL, '{"teaser_image":""}', '{"keywords":"","description":""}'),
(81, 'en', 14, 'inbound-sms-service', 'Inbound SMS Service', 'en/inbound-sms-service.phtml', NULL, '{"teaser_image":""}', '{"keywords":"","description":""}'),
(82, 'en', 15, 'pay-by-sms', 'Pay by SMS', 'en/pay-by-sms.phtml', NULL, '{"teaser_image":""}', '{"keywords":"","description":""}'),
(83, 'en', 5, 'app-development', 'App Development', 'en/app-development.phtml', NULL, '{"teaser_image":""}', '{"keywords":"","description":""}'),
(84, 'en', 7, 'fb-advertising', 'FB advertising', 'en/fb-advertising.phtml', NULL, '{"teaser_image":""}', '{"keywords":"","description":""}'),
(85, 'en', 8, 'moderation', 'Moderation', 'en/moderation.phtml', NULL, '{"teaser_image":""}', '{"keywords":"","description":""}'),
(86, 'en', 2, 'websites', 'Websites', 'en/websites.phtml', NULL, '{"teaser_image":""}', '{"keywords":"webseiten,responsive","description":"Webseiten (responsive)"}'),
(87, 'en', 36, 'landingpage', 'Landingpage', 'en/landingpage.phtml', NULL, '{"teaser_image":""}', '{"keywords":"","description":""}'),
(88, 'en', 37, 'web-apps', 'Web-Apps', 'en/web-apps.phtml', NULL, '{"teaser_image":""}', '{"keywords":"","description":""}'),
(107, 'de', 61, 'google-ads', 'Google Ads', 'de/google-ads.phtml', NULL, '{"teaser_image":""}', '{"keywords":"","description":""}'),
(108, 'en', 61, 'google-ads', 'Google Ads', 'en/google-ads.phtml', NULL, '{"teaser_image":""}', '{"keywords":"","description":""}'),
(91, 'en', 3, 'hosting-web-mail', 'Hosting (Web/Mail)', 'en/hosting-web-mail.phtml', NULL, '{"teaser_image":""}', '{"keywords":"hosting,Web,Mail","description":"Hosting (Web\\/Mail)"}'),
(110, 'en', 62, 'megafanapps', 'MFA', 'en/megafanapps.phtml', NULL, '{"teaser_image":""}', '{"keywords":"","description":""}'),
(93, 'en', 42, 'impressum', 'Impressum', 'en/impressum.phtml', NULL, '{"teaser_image":""}', '{"keywords":"","description":""}'),
(94, 'en', 43, 'agb', 'AGB', 'en/agb.phtml', NULL, '{"teaser_image":""}', '{"keywords":"","description":""}'),
(95, 'en', 45, 'api-manuals', 'API Manuals', 'en/api-manuals.phtml', NULL, '{"teaser_image":""}', '{"keywords":"","description":""}'),
(96, 'de', 56, 'jobs', 'Jobs', 'de/jobs.phtml', NULL, '{"teaser_image":""}', '{"keywords":"","description":""}'),
(97, 'en', 56, 'jobs', 'Jobs', 'en/jobs.phtml', NULL, '{"teaser_image":""}', '{"keywords":"","description":""}'),
(98, 'de', 57, 'blog', 'Blog', 'de/blog.phtml', NULL, '{"teaser_image":""}', '{"keywords":"","description":""}'),
(99, 'en', 57, 'blog', 'Blog', 'en/blog.phtml', NULL, '{"teaser_image":""}', '{"keywords":"","description":""}'),
(100, 'en', 4, 'mfa', 'MFA', 'en/mfa.phtml', NULL, '{"teaser_image":""}', '{"keywords":"","description":""}'),
(101, 'de', 58, 'search', 'Search', 'de/search.phtml', '', '{"teaser_image":""}', '{"keywords":"","description":""}'),
(102, 'en', 59, 'home', 'Home', 'en/home.phtml', NULL, '{"teaser_image":""}', '{"keywords":"","description":""}'),
(103, 'de', 59, 'home', 'Home', 'de/home.phtml', NULL, '{"teaser_image":""}', '{"keywords":"","description":""}'),
(104, 'en', 60, 'intro', '', 'en/intro.phtml', NULL, NULL, NULL),
(105, 'de', 60, 'intro', '', 'de/intro.phtml', NULL, '{"teaser_image":""}', '{"keywords":"","description":""}'),
(109, 'de', 62, 'megafanapps', 'MFA', 'de/megafanapps.phtml', NULL, '{"teaser_image":""}', '{"keywords":"","description":""}'),
(113, 'de', 63, 'data-center', 'Data Center', 'de/data-center.phtml', NULL, '{"teaser_image":""}', '{"keywords":"","description":""}'),
(114, 'en', 63, 'data-center', 'Data Center', 'en/data-center.phtml', NULL, '{"teaser_image":""}', '{"keywords":"","description":""}'),
(115, 'en', 64, 'security-privacy', 'Security and Privacy', 'en/security-privacy.phtml', NULL, '{"teaser_image":""}', '{"keywords":"","description":""}');

--
-- Dumping data for table `cms_route`
--

INSERT INTO `cms_route` (`id`, `application_id`, `page_id`, `uri`, `name`, `path`, `params`, `lang`) VALUES
(1, 1, 59, 'home', 'Home', 'cms/page/index', NULL, 'de'),
(4, 1, 59, 'home', 'Home', 'cms/page/index', NULL, 'en'),
(5, 1, 1, 'social-media', 'Social Media', 'cms/page/index', NULL, 'de'),
(6, 1, 1, 'mobile-marketing', 'Mobile Marketing', 'cms/page/index', NULL, 'de'),
(7, 1, 1, 'telecom', 'Telecom', 'cms/page/index', NULL, 'de'),
(8, 1, 1, 'design-graphics', 'Design/Graphics', 'cms/page/index', NULL, 'de'),
(9, 1, 1, 'produkte', 'Produkte', 'cms/page/index', NULL, 'de'),
(10, 1, 4, 'social-media', 'Wir für Sie', 'cms/page/index', NULL, 'de'),
(11, 1, 2, 'web-services/webseiten', 'Webseiten', 'cms/page/index', NULL, 'de'),
(111, 1, 62, 'products/mfa', 'MFA', 'cms/page/index', 'section/produkte', 'en'),
(13, 1, 5, 'social-media/app-entwicklung', 'App-Entwicklung', 'cms/page/index', NULL, 'de'),
(14, 1, 6, 'social-media/konzept-beratung', 'Konzept/Beratung', 'cms/page/index', NULL, 'de'),
(15, 1, 7, 'social-media/fb-werbung', 'FB-Werbung', 'cms/page/index', NULL, 'de'),
(16, 1, 8, 'social-media/moderation', 'Moderation', 'cms/page/index', NULL, 'de'),
(17, 1, 9, 'mobile-marketing/sms-massenversand', 'SMS Massenversand', 'cms/page/index', NULL, 'de'),
(18, 1, 10, 'mobile-marketing/sms-newsletter', 'SMS Newsletter', 'cms/page/index', NULL, 'de'),
(19, 1, 11, 'mobile-marketing/sms-gewinnspiele', 'SMS Gewinnspiele', 'cms/page/index', NULL, 'de'),
(20, 1, 12, 'mobile-marketing/sms-voting', 'SMS Voting', 'cms/page/index', NULL, 'de'),
(21, 1, 13, 'mobile-marketing/premium-sms', 'Premium SMS', 'cms/page/index', NULL, 'de'),
(22, 1, 14, 'mobile-marketing/inbound-sms-service', 'Inbound SMS Service', 'cms/page/index', NULL, 'de'),
(23, 1, 15, 'mobile-marketing/bezahlen-per-sms', 'Bezahlen per SMS', 'cms/page/index', NULL, 'de'),
(24, 1, 16, 'telecom/bulk-sms-fuer-carrier', 'Bulk SMS für Carrier', 'cms/page/index', NULL, 'de'),
(25, 1, 17, 'telecom/telefon-gewinnspiele', 'Telefon Gewinnspiele', 'cms/page/index', NULL, 'de'),
(26, 1, 18, 'telecom/telefon-voting', 'Telefon Voting', 'cms/page/index', NULL, 'de'),
(27, 1, 19, 'telecom/rufnummer-hosting', 'Rufnummer Hosting', 'cms/page/index', NULL, 'de'),
(66, 1, 24, 'design-graphics/offers', 'Offers', 'cms/page/index', NULL, 'en'),
(29, 1, 21, 'design-graphics/designs', 'Designs', 'cms/page/index', NULL, 'de'),
(30, 1, 23, 'design-graphics/video', 'Video', 'cms/page/index', NULL, 'de'),
(31, 1, 24, 'design-graphics/angebote', 'Angebote', 'cms/page/index', NULL, 'de'),
(32, 1, 25, 'produkte/icard', 'iCard', 'cms/page/index', NULL, 'de'),
(33, 1, 26, 'produkte/megapromo', 'Megapromo', 'cms/page/index', NULL, 'de'),
(34, 1, 27, 'produkte/smspark', 'SMS&Park', 'cms/page/index', NULL, 'de'),
(35, 1, 28, 'produkte/smswin', 'SMS&Win', 'cms/page/index', NULL, 'de'),
(37, 1, 29, 'produkte/callpay', 'Call&Pay', 'cms/page/index', NULL, 'de'),
(38, 1, 30, 'produkte/internet-apps', 'Intranet Apps', 'cms/page/index', NULL, 'de'),
(39, 1, NULL, 'wir-fuer-sie/kontakt', 'Kontakt', 'contact/generic/index', 'form_id/contact', 'de'),
(40, 1, 31, 'wir-fuer-sie/marketing-technologie', 'Marketing Technologie', 'cms/page/index', NULL, 'de'),
(41, 1, 32, 'wir-fuer-sie/ueber-uns', 'Über uns', 'cms/page/index', NULL, 'de'),
(42, 1, 33, 'wir-fuer-sie/team', 'Team', 'cms/page/index', NULL, 'de'),
(43, 1, 34, 'wir-fuer-sie/kompetenzen', 'Kompetenzen', 'cms/page/index', NULL, 'de'),
(44, 1, 35, 'wir-fuer-sie/auszeichnungen', 'Auszeichnungen', 'cms/page/index', NULL, 'de'),
(45, 1, 3, 'web-services/hosting-web-mail', 'Hosting (Web/Mail)', 'cms/page/index', NULL, 'de'),
(46, 1, 36, 'web-services/landingpage', 'Landingpage', 'cms/page/index', NULL, 'de'),
(47, 1, 37, 'web-services/web-apps', 'Web-Apps', 'cms/page/index', NULL, 'de'),
(48, 1, 38, 'web-services/domains', 'Domains', 'cms/page/index', NULL, 'de'),
(49, 1, 63, 'web-services/datacenter', 'Datacenter', 'cms/page/index', NULL, 'de'),
(50, 1, 61, 'web-services/google-ads', 'Google Ads', 'cms/page/index', NULL, 'de'),
(51, 1, 41, 'rechtliches', 'Rechtliches', 'cms/page/index', NULL, 'de'),
(52, 1, 42, 'rechtliches/impressum', 'Impressum', 'cms/page/index', NULL, 'de'),
(53, 1, 43, 'rechtliches/agb', 'AGB', 'cms/page/index', NULL, 'de'),
(54, 1, 44, 'hilfe', 'Hilfe', 'cms/page/index', NULL, 'de'),
(55, 1, 45, 'hilfe/api-manuals', 'API Manuals', 'cms/page/index', NULL, 'de'),
(56, 1, NULL, 'hilfe/sitemap', 'Sitemap', 'cms/sitemap/index', NULL, 'de'),
(57, 1, NULL, 'we-for-you/contact', 'Contact', 'contact/generic/index', 'form_id/contact', 'en'),
(58, 1, 32, 'we-for-you/about-us', 'About us', 'cms/page/index', NULL, 'en'),
(59, 1, 31, 'we-for-you/marketing-technology', 'Marketing Technology', 'cms/page/index', NULL, 'en'),
(60, 1, 34, 'we-for-you/expertise', 'Expertise', 'cms/page/index', NULL, 'en'),
(61, 1, 35, 'we-for-you/awards', 'Awards', 'cms/page/index', NULL, 'en'),
(62, 1, 33, 'we-for-you/team', 'Team', 'cms/page/index', NULL, 'en'),
(63, 1, 6, 'social-media/concept-consulting', 'Concept/consulting', 'cms/page/index', NULL, 'en'),
(64, 1, 20, 'design-graphics/consulting-concept', 'Consulting/concept', 'cms/page/index', NULL, 'en'),
(65, 1, 20, 'design-graphics/beratung-konzept', 'Beratung/Konzept', 'cms/page/index', NULL, 'de'),
(67, 1, 21, 'design-graphics/designs', 'Designs', 'cms/page/index', NULL, 'en'),
(68, 1, 23, 'design-graphics/video', 'Video', 'cms/page/index', NULL, 'en'),
(69, 1, 25, 'products/icard', 'iCard', 'cms/page/index', NULL, 'en'),
(70, 1, 26, 'products/megapromo', 'Megapromo', 'cms/page/index', NULL, 'en'),
(71, 1, 27, 'products/smspark', 'SMS&Park', 'cms/page/index', NULL, 'en'),
(72, 1, 28, 'products/smswin', 'SMS&Win', 'cms/page/index', NULL, 'en'),
(73, 1, 29, 'products/callpay', 'Call&Pay', 'cms/page/index', NULL, 'en'),
(74, 1, 30, 'products/internet-apps', 'Intranet Apps', 'cms/page/index', NULL, 'en'),
(75, 1, 16, 'telecom/bulk-sms-for-carrier', 'Bulk SMS for Carrier', 'cms/page/index', NULL, 'en'),
(76, 1, 17, 'telecom/call-win', 'Call&Win', 'cms/page/index', NULL, 'en'),
(77, 1, 18, 'telecom/call-vote', 'Call&Vote', 'cms/page/index', NULL, 'en'),
(78, 1, 19, 'telecom/number-hosting', 'Number Hosting', 'cms/page/index', NULL, 'en'),
(79, 1, 9, 'mobile-marketing/sms-mass-mailing', 'SMS mass mailing', 'cms/page/index', NULL, 'en'),
(80, 1, 10, 'mobile-marketing/sms-newsletter', 'SMS Newsletter', 'cms/page/index', NULL, 'en'),
(81, 1, 11, 'mobile-marketing/sms-winning-game', 'SMS Winning game', 'cms/page/index', NULL, 'en'),
(82, 1, 12, 'mobile-marketing/sms-voting', 'SMS Voting', 'cms/page/index', NULL, 'en'),
(83, 1, 13, 'mobile-marketing/premium-sms', 'Premium SMS', 'cms/page/index', NULL, 'en'),
(84, 1, 14, 'mobile-marketing/inbound-sms-service', 'Inbound SMS Service', 'cms/page/index', NULL, 'en'),
(85, 1, 15, 'mobile-marketing/pay-by-sms', 'Pay by SMS', 'cms/page/index', NULL, 'en'),
(86, 1, 5, 'social-media/app-development', 'App Development', 'cms/page/index', NULL, 'en'),
(87, 1, 7, 'social-media/fb-advertising', 'FB advertising', 'cms/page/index', NULL, 'en'),
(88, 1, 8, 'social-media/moderation', 'Moderation', 'cms/page/index', NULL, 'en'),
(89, 1, 2, 'web-services/websites', 'Websites', 'cms/page/index', NULL, 'en'),
(90, 1, 36, 'web-services/landingpage', 'Landingpage', 'cms/page/index', NULL, 'en'),
(91, 1, 37, 'web-services/web-apps', 'Web-Apps', 'cms/page/index', NULL, 'en'),
(92, 1, 61, 'web-services/google-ads', 'Google Ads', 'cms/page/index', NULL, 'en'),
(93, 1, 38, 'web-services/domains', 'Domains', 'cms/page/index', NULL, 'en'),
(94, 1, 3, 'web-services/hosting-web-mail', 'Hosting (Web/Mail)', 'cms/page/index', NULL, 'en'),
(95, 1, 63, 'web-services/datacenter', 'Datacenter', 'cms/page/index', NULL, 'en'),
(97, 1, 42, 'terms-of-use/impressum', 'Impressum', 'cms/page/index', NULL, 'en'),
(98, 1, 43, 'terms-of-use/agb', 'AGB', 'cms/page/index', NULL, 'en'),
(99, 1, 45, 'help/api-manuals', 'API Manuals', 'cms/page/index', NULL, 'en'),
(101, 1, 56, 'contacts/jobs', 'Jobs', 'cms/page/index', NULL, 'en'),
(102, 1, 56, 'kontakte/jobs', 'Jobs', 'cms/page/index', NULL, 'de'),
(103, 1, NULL, 'help/sitemap', 'Sitemap', 'cms/sitemap/index', NULL, 'en'),
(106, 1, 57, 'kontakte/blog', 'Blog', 'cms/page/index', NULL, 'de'),
(107, 1, 57, 'contacts/blog', 'Blog', 'cms/page/index', NULL, 'en'),
(112, 1, 4, 'social-media/mfa', 'MFA', 'cms/page/index', 'section/social-media', 'en'),
(113, 1, 58, 'search', 'Search', 'cms/page/index', NULL, 'de'),
(109, 1, 62, 'produkte/mfa', 'MFA', 'cms/page/index', 'section/produkte', 'de'),
(110, 1, 4, 'social-media/mfa', 'MFA', 'cms/page/index', 'section/social-media', 'de'),
(115, 1, 60, '', 'Intro', 'cms/page/index', NULL, NULL),
(116, 1, 2, 'web-services/websites', 'Websites', 'cms/page/index', NULL, 'en'),
(117, 1, 36, 'web-services/landingpage', 'Landingpage', 'cms/page/index', NULL, 'en'),
(118, 1, 37, 'web-services/web-apps', 'Web-Apps', 'cms/page/index', NULL, 'en'),
(119, 1, 61, 'web-services/google-ads', 'Google Ads', 'cms/page/index', NULL, 'en'),
(120, 1, 38, 'web-services/domains', 'Domains', 'cms/page/index', NULL, 'en'),
(121, 1, 3, 'web-services/hosting-web-mail', 'Hosting', 'cms/page/index', NULL, 'en'),
(122, 1, 63, 'web-services/datacenter', 'Datacenter', 'cms/page/index', NULL, 'en'),
(123, 1, 4, 'social-media/mfa', 'MFA', 'cms/page/index', NULL, 'en'),
(124, 1, 5, 'social-media/app-development', 'App Development', 'cms/page/index', NULL, 'en'),
(125, 1, 6, 'social-media/concept-consulting', 'Concept/consulting', 'cms/page/index', NULL, 'en'),
(126, 1, 7, 'social-media/fb-advertising', 'FB advertising', 'cms/page/index', NULL, 'en'),
(127, 1, 8, 'social-media/moderation', 'Moderation', 'cms/page/index', NULL, 'en'),
(128, 1, 9, 'mobile-marketing/sms-mass-mailing', 'SMS mass mailing', 'cms/page/index', NULL, 'en'),
(129, 1, 10, 'mobile-marketing/sms-newsletter', 'SMS Newsletter', 'cms/page/index', NULL, 'en'),
(130, 1, 11, 'mobile-marketing/sms-winning-game', 'SMS Winning game', 'cms/page/index', NULL, 'en'),
(131, 1, 12, 'mobile-marketing/sms-voting', 'SMS Voting', 'cms/page/index', NULL, 'en'),
(132, 1, 13, 'mobile-marketing/premium-sms', 'Premium SMS', 'cms/page/index', NULL, 'en'),
(133, 1, 14, 'mobile-marketing/inbound-sms-service', 'Inbound SMS Service', 'cms/page/index', NULL, 'en'),
(134, 1, 15, 'mobile-marketing/pay-by-sms', 'Pay by SMS', 'cms/page/index', NULL, 'en'),
(135, 1, 16, 'telecom/bulk-sms-for-carrier', 'Bulk SMS for Carrier', 'cms/page/index', NULL, 'en'),
(136, 1, 17, 'telecom/call-win', 'Call&Win', 'cms/page/index', NULL, 'en'),
(137, 1, 18, 'telecom/call-vote', 'Call&Vote', 'cms/page/index', NULL, 'en'),
(138, 1, 19, 'telecom/number-hosting', 'Number Hosting', 'cms/page/index', NULL, 'en'),
(139, 1, 20, 'design-graphics/consulting-concept', 'Consulting/Concept', 'cms/page/index', NULL, 'en'),
(140, 1, 21, 'design-graphics/designs', 'Designs', 'cms/page/index', NULL, 'en'),
(141, 1, 23, 'design-graphics/video', 'Video', 'cms/page/index', NULL, 'en'),
(142, 1, 24, 'design-graphics/offers', 'Offers', 'cms/page/index', NULL, 'en'),
(143, 1, 25, 'products/icard', 'iCard', 'cms/page/index', NULL, 'en'),
(144, 1, 26, 'products/megapromo', 'Megapromo', 'cms/page/index', NULL, 'en'),
(145, 1, 27, 'products/smspark', 'SMS&Park', 'cms/page/index', NULL, 'en'),
(146, 1, 28, 'products/smswin', 'SMS&Win', 'cms/page/index', NULL, 'en'),
(147, 1, 4, 'social-media/mfa', 'MFA', 'cms/page/index', NULL, 'en'),
(148, 1, 29, 'products/callpay', 'Call&Pay', 'cms/page/index', NULL, 'en'),
(149, 1, 30, 'products/internet-apps', 'Intranet Apps', 'cms/page/index', NULL, 'en'),
(150, 1, 31, 'we-for-you/marketing-technology', 'Marketing Technology', 'cms/page/index', NULL, 'en'),
(151, 1, 32, 'we-for-you/about-us', 'About us', 'cms/page/index', NULL, 'en'),
(152, 1, 33, 'we-for-you/team', 'Team', 'cms/page/index', NULL, 'en'),
(153, 1, 34, 'we-for-you/expertise', 'Expertise', 'cms/page/index', NULL, 'en'),
(154, 1, 35, 'we-for-you/awards', 'Awards', 'cms/page/index', NULL, 'en'),
(155, 1, 62, 'products/mfa', 'MFA', 'cms/page/index', NULL, 'en'),
(156, 1, 64, 'terms-of-use/security-privacy', 'Security and Privacy', 'cms/page/index', NULL, 'en');


INSERT INTO upgrade_db_log (
    file,
    branch,
    username,
    revision,
    repos_dt,
    insert_dt) 
values (substring_index(trim(both '$' from '$HeadURL: svn+sshp://radisa.no-ip.info/repos/web/apps/cms/branches/horisen_2015/docs/db/scripts/updb0018-cms_full_content_2.sql $'),'/',-1),
    'horisen_2015',
    trim(TRAILING '$' from substring('$Author: milan $',locate(':','$Author: milan $')+1)),
    trim(TRAILING '$' from substring('$Revision: 25146 $',locate(':','$Revision: 25146 $')+1)),
    trim(TRAILING '$' from substring('$Date: 2014-11-18 14:43:36 +0100 (уто, 18 нов 2014) $',locate(':','$Date: 2014-11-18 14:43:36 +0100 (уто, 18 нов 2014) $')+1)),
    now());

