-- phpMyAdmin SQL Dump
-- version 3.5.8.1deb1
-- http://www.phpmyadmin.net
--
-- Host: localhost
-- Generation Time: Sep 16, 2014 at 10:36 AM
-- Server version: 5.5.34-0ubuntu0.13.04.1
-- PHP Version: 5.4.9-4ubuntu2.4

SET SQL_MODE="NO_AUTO_VALUE_ON_ZERO";
SET time_zone = "+00:00";

--
-- Database: `wa_cms_horisen2015`
--

-- --------------------------------------------------------

--
-- Table structure for table `application`
--

CREATE TABLE IF NOT EXISTS `application` (
  `id` int(11) NOT NULL AUTO_INCREMENT,
  `name` varchar(128) NOT NULL,
  `status` enum('A','D') DEFAULT NULL,
  `status_dt` datetime DEFAULT NULL,
  `style_json` text,
  `fb_settings` text NOT NULL COMMENT 'json fb settings',
  `twitter_settings` text NOT NULL,
  `og_settings` text NOT NULL COMMENT 'json open graph settings',
  `email_settings` text NOT NULL COMMENT 'json email settings',
  `settings` text NOT NULL COMMENT 'global application settings',
  PRIMARY KEY (`id`)
) ENGINE=MyISAM  DEFAULT CHARSET=utf8 COMMENT='Open different facebook sms applications.' AUTO_INCREMENT=2 ;

--
-- Dumping data for table `application`
--

INSERT INTO `application` (`id`, `name`, `status`, `status_dt`, `style_json`, `fb_settings`, `twitter_settings`, `og_settings`, `email_settings`, `settings`) VALUES
(1, 'Horisen 2015', 'A', '2011-04-05 21:47:09', NULL, '{}', '{"image":"Blog\\/Teaser\\/events_dummy_image.jpg"}', '{"image":"Blog\\/Teaser\\/events_dummy_image.jpg","description":"This is a fb og prop description."}', '{\r\n  "from_email":"fbapp@horisen.biz",\r\n  "from_name":"CMS",\r\n  "reply_email":"boris@horisen.com",\r\n  "to_emails":[{"name":"CMS","email":"boris@horisen.com"},{"name":"Boris","email":"bokultis@gmail.com"}],\r\n  "transport":"smtp",\r\n  "parameters":{\r\n    "server":"mail.horisen.com",\r\n    "auth":"login",\r\n    "username":"fbapp@horisen.biz",\r\n    "password":"Fbh0r1sen*9",\r\n    "port":"587"\r\n  }\r\n}', '{"hosting_quota":524288000,"theme":"horisen_2015","captcha":{ "fontName" : "font4.ttf", "wordLen" : "3", "timeout" : "300", "width" : "150", "height" : "40", "dotNoiseLevel" : "20", "lineNoiseLevel": "2" }, "ga":{ "email":"nis@horisen.com", "password":"h0r1sens0lut10ns", "account_id":"58280383", "tracking_id":"UA-30607857-1" },"default_upload":{"default_extensions":["pjpeg", "jpeg", "jpg", "png", "x-png", "gif", "pdf"],"default_mimetypes":["image/pjpeg","image/jpeg","image/jpg","image/png","image/x-png","image/gif","application/pdf"]} }');

-- --------------------------------------------------------

--
-- Table structure for table `auth_acl`
--

CREATE TABLE IF NOT EXISTS `auth_acl` (
  `id` int(10) unsigned NOT NULL AUTO_INCREMENT,
  `role_id` int(10) unsigned NOT NULL,
  `privilege_id` int(10) unsigned NOT NULL,
  `allowed` enum('yes','no') NOT NULL,
  PRIMARY KEY (`id`),
  UNIQUE KEY `role_id` (`role_id`,`privilege_id`)
) ENGINE=MyISAM  DEFAULT CHARSET=utf8 COMMENT='role can or cannot do privilege on resource' AUTO_INCREMENT=4 ;

--
-- Dumping data for table `auth_acl`
--

INSERT INTO `auth_acl` (`id`, `role_id`, `privilege_id`, `allowed`) VALUES
(1, 1, 1, 'yes'),
(2, 4, 2, 'yes'),
(3, 2, 3, 'yes');

-- --------------------------------------------------------

--
-- Table structure for table `auth_privilege`
--

CREATE TABLE IF NOT EXISTS `auth_privilege` (
  `id` int(10) unsigned NOT NULL AUTO_INCREMENT,
  `code` varchar(20) NOT NULL,
  `name` varchar(100) NOT NULL,
  `resource_id` int(10) unsigned NOT NULL,
  PRIMARY KEY (`id`),
  KEY `resource_id` (`resource_id`)
) ENGINE=MyISAM  DEFAULT CHARSET=utf8 AUTO_INCREMENT=4 ;

--
-- Dumping data for table `auth_privilege`
--

INSERT INTO `auth_privilege` (`id`, `code`, `name`, `resource_id`) VALUES
(1, 'access', 'Access Admin Panel', 1),
(2, 'member', 'Member Download Panel', 2),
(3, 'master', 'Master Operations', 1);

-- --------------------------------------------------------

--
-- Table structure for table `auth_resource`
--

CREATE TABLE IF NOT EXISTS `auth_resource` (
  `id` int(10) unsigned NOT NULL AUTO_INCREMENT,
  `code` varchar(20) NOT NULL,
  `name` varchar(100) NOT NULL,
  `parent_id` int(10) unsigned NOT NULL,
  `module` varchar(20) NOT NULL,
  PRIMARY KEY (`id`),
  KEY `parent_id` (`parent_id`)
) ENGINE=MyISAM  DEFAULT CHARSET=utf8 COMMENT='resources' AUTO_INCREMENT=3 ;

--
-- Dumping data for table `auth_resource`
--

INSERT INTO `auth_resource` (`id`, `code`, `name`, `parent_id`, `module`) VALUES
(1, 'admin', 'Admin Module', 0, 'admin'),
(2, 'download', 'Download Module', 0, 'download');

-- --------------------------------------------------------

--
-- Table structure for table `auth_role`
--

CREATE TABLE IF NOT EXISTS `auth_role` (
  `id` int(10) unsigned NOT NULL AUTO_INCREMENT,
  `name` varchar(50) NOT NULL,
  `parent_id` int(10) unsigned NOT NULL COMMENT 'parent role',
  PRIMARY KEY (`id`),
  KEY `parent_id` (`parent_id`)
) ENGINE=MyISAM  DEFAULT CHARSET=utf8 AUTO_INCREMENT=5 ;

--
-- Dumping data for table `auth_role`
--

INSERT INTO `auth_role` (`id`, `name`, `parent_id`) VALUES
(1, 'Admin', 0),
(2, 'Master Admin', 1),
(3, 'User', 0),
(4, 'Member', 0);

-- --------------------------------------------------------

--
-- Table structure for table `auth_user`
--

CREATE TABLE IF NOT EXISTS `auth_user` (
  `id` int(10) unsigned NOT NULL AUTO_INCREMENT,
  `role_id` int(10) unsigned NOT NULL COMMENT 'role',
  `username` varchar(20) NOT NULL,
  `password` varchar(32) NOT NULL COMMENT 'md5',
  `first_name` varchar(50) NOT NULL,
  `last_name` varchar(50) NOT NULL,
  `email` varchar(255) NOT NULL,
  `status` enum('active','blocked','pending') NOT NULL DEFAULT 'pending',
  `lang` char(5) DEFAULT NULL,
  `image_path` varchar(255) DEFAULT NULL,
  `data` text COMMENT 'custom json data',
  `created` datetime NOT NULL,
  `logged` datetime NOT NULL,
  PRIMARY KEY (`id`),
  UNIQUE KEY `username` (`username`),
  UNIQUE KEY `email` (`email`),
  KEY `role_id` (`role_id`)
) ENGINE=MyISAM  DEFAULT CHARSET=utf8 COMMENT='users and admins' AUTO_INCREMENT=2 ;

--
-- Dumping data for table `auth_user`
--

INSERT INTO `auth_user` (`id`, `role_id`, `username`, `password`, `first_name`, `last_name`, `email`, `status`, `lang`, `image_path`, `data`, `created`, `logged`) VALUES
(1, 2, 'admin', 'aa01f6f431087f5bb9fc9f698c1ef14b', 'Horisen', 'Worker', 'info@horisen.com', 'active', 'en', NULL, '{"dashboard":{"region1":{"widgets":[{"componentClass":"hDashboard.Widget.Cms"},{"componentClass":"hDashboard.Widget.Admin"}]},"region2":{"widgets":[{"componentClass":"hDashboard.Widget.Auth"},{"componentClass":"hDashboard.Widget.Cms.Statistics"}]}}}', '2012-03-28 10:58:53', '2014-09-10 09:27:29');

-- --------------------------------------------------------

--
-- Table structure for table `cms_bgchanger`
--

CREATE TABLE IF NOT EXISTS `cms_bgchanger` (
  `id` int(10) unsigned NOT NULL AUTO_INCREMENT,
  `cms_menu_item_id` int(10) unsigned NOT NULL,
  `image_path` varchar(255) NOT NULL,
  PRIMARY KEY (`id`),
  UNIQUE KEY `cms_menu_item_id` (`cms_menu_item_id`)
) ENGINE=InnoDB DEFAULT CHARSET=utf8 COMMENT='Menu item backgrounds' AUTO_INCREMENT=1 ;

-- --------------------------------------------------------

--
-- Table structure for table `cms_category`
--

CREATE TABLE IF NOT EXISTS `cms_category` (
  `id` int(10) unsigned NOT NULL AUTO_INCREMENT,
  `url_id` varchar(255) DEFAULT NULL COMMENT 'url slug',
  `set_id` int(10) unsigned NOT NULL COMMENT 'set id',
  `name` varchar(100) NOT NULL,
  `description` text NOT NULL,
  `parent_id` int(10) unsigned NOT NULL,
  `level` int(10) unsigned NOT NULL,
  `data` text COMMENT 'custom json data',
  `meta` text COMMENT 'meta json data',
  PRIMARY KEY (`id`),
  KEY `set_id` (`set_id`)
) ENGINE=MyISAM DEFAULT CHARSET=utf8 COMMENT='pages categories' AUTO_INCREMENT=1 ;

-- --------------------------------------------------------

--
-- Table structure for table `cms_category_page`
--

CREATE TABLE IF NOT EXISTS `cms_category_page` (
  `id` int(10) unsigned NOT NULL AUTO_INCREMENT,
  `category_id` int(10) unsigned NOT NULL,
  `page_id` int(10) unsigned NOT NULL,
  PRIMARY KEY (`id`),
  UNIQUE KEY `category_id` (`category_id`,`page_id`)
) ENGINE=MyISAM DEFAULT CHARSET=utf8 COMMENT='page belongs to categories' AUTO_INCREMENT=1 ;

-- --------------------------------------------------------

--
-- Table structure for table `cms_category_page_type`
--

CREATE TABLE IF NOT EXISTS `cms_category_page_type` (
  `id` int(10) NOT NULL AUTO_INCREMENT,
  `set_id` int(10) NOT NULL COMMENT 'category set id',
  `type_id` int(10) NOT NULL COMMENT 'page type id',
  PRIMARY KEY (`id`),
  UNIQUE KEY `set_category_type` (`set_id`,`type_id`)
) ENGINE=MyISAM DEFAULT CHARSET=utf8 COMMENT='not in use now - page types have categories' AUTO_INCREMENT=1 ;

-- --------------------------------------------------------

--
-- Table structure for table `cms_category_set`
--

CREATE TABLE IF NOT EXISTS `cms_category_set` (
  `id` int(10) unsigned NOT NULL AUTO_INCREMENT,
  `name` varchar(100) NOT NULL,
  `description` text NOT NULL,
  `module` varchar(20) NOT NULL,
  `page_type_id` int(10) unsigned NOT NULL COMMENT 'page type id',
  PRIMARY KEY (`id`)
) ENGINE=MyISAM DEFAULT CHARSET=utf8 COMMENT='set of categories' AUTO_INCREMENT=1 ;

-- --------------------------------------------------------

--
-- Table structure for table `cms_category_tr`
--

CREATE TABLE IF NOT EXISTS `cms_category_tr` (
  `id` int(10) unsigned NOT NULL AUTO_INCREMENT,
  `url_id` varchar(255) DEFAULT NULL COMMENT 'url slug',
  `language` char(5) NOT NULL,
  `translation_id` int(10) unsigned NOT NULL,
  `name` varchar(100) DEFAULT NULL,
  `description` text,
  `meta` text COMMENT 'meta json data',
  PRIMARY KEY (`id`),
  UNIQUE KEY `language` (`language`,`translation_id`)
) ENGINE=MyISAM DEFAULT CHARSET=utf8 COMMENT='category translations' AUTO_INCREMENT=1 ;

-- --------------------------------------------------------

--
-- Table structure for table `cms_content_user`
--

CREATE TABLE IF NOT EXISTS `cms_content_user` (
  `id` int(11) NOT NULL,
  `page_id` int(10) unsigned NOT NULL COMMENT 'Content allowed to certain user.',
  `user_id` int(10) unsigned NOT NULL COMMENT 'A user who is allowed to see certain content.',
  PRIMARY KEY (`id`),
  KEY `cms_content_user_idx1` (`page_id`,`user_id`),
  KEY `cms_content_user_idx2` (`user_id`,`page_id`)
) ENGINE=MyISAM DEFAULT CHARSET=utf8;

-- --------------------------------------------------------

--
-- Table structure for table `cms_menu`
--

CREATE TABLE IF NOT EXISTS `cms_menu` (
  `id` int(10) unsigned NOT NULL AUTO_INCREMENT,
  `code` varchar(30) NOT NULL COMMENT 'menu code',
  `name` varchar(30) NOT NULL COMMENT 'description name',
  PRIMARY KEY (`id`),
  UNIQUE KEY `code` (`code`,`name`)
) ENGINE=MyISAM  DEFAULT CHARSET=utf8 COMMENT='cms menu' AUTO_INCREMENT=3 ;

--
-- Dumping data for table `cms_menu`
--

INSERT INTO `cms_menu` (`id`, `code`, `name`) VALUES
(1, 'main', 'Main'),
(2, 'footer', 'Footer');

-- --------------------------------------------------------

--
-- Table structure for table `cms_menu_item`
--

CREATE TABLE IF NOT EXISTS `cms_menu_item` (
  `id` int(10) unsigned NOT NULL AUTO_INCREMENT,
  `application_id` int(10) unsigned NOT NULL,
  `menu` char(10) NOT NULL DEFAULT 'main',
  `level` int(10) unsigned NOT NULL DEFAULT '0',
  `parent_id` int(10) unsigned NOT NULL DEFAULT '0',
  `page_id` int(10) unsigned DEFAULT NULL COMMENT 'optional cms page id - menu routes to',
  `name` varchar(30) DEFAULT NULL,
  `route` varchar(20) NOT NULL DEFAULT 'default' COMMENT 'route name',
  `path` varchar(255) DEFAULT NULL COMMENT 'module/controller/action',
  `params` varchar(255) DEFAULT NULL COMMENT 'param_name/param_value ...',
  `uri` varchar(255) DEFAULT NULL COMMENT 'if no route specify uri',
  `ord_num` smallint(5) unsigned NOT NULL DEFAULT '1',
  `hidden` enum('yes','no') NOT NULL DEFAULT 'no',
  `meta` text COMMENT 'meta json data',
  `target` varchar(10) DEFAULT NULL COMMENT 'link target',
  PRIMARY KEY (`id`),
  KEY `menu` (`application_id`,`menu`,`level`,`parent_id`,`ord_num`)
) ENGINE=MyISAM  DEFAULT CHARSET=utf8 AUTO_INCREMENT=58 ;

--
-- Dumping data for table `cms_menu_item`
--

INSERT INTO `cms_menu_item` (`id`, `application_id`, `menu`, `level`, `parent_id`, `page_id`, `name`, `route`, `path`, `params`, `uri`, `ord_num`, `hidden`, `meta`, `target`) VALUES
(1, 1, 'main', 0, 0, NULL, 'Home', '', NULL, NULL, '', 1, 'no', NULL, NULL),
(2, 1, 'main', 0, 0, NULL, 'Social Media', '', NULL, NULL, '', 2, 'no', NULL, NULL),
(3, 1, 'main', 0, 0, NULL, 'Mobile Marketing', '', NULL, NULL, '', 3, 'no', NULL, NULL),
(4, 1, 'main', 0, 0, NULL, 'Telecom', '', NULL, NULL, '', 4, 'no', NULL, NULL),
(5, 1, 'main', 0, 0, NULL, 'Design/Graphics', '', NULL, NULL, '', 5, 'no', NULL, NULL),
(6, 1, 'main', 0, 0, NULL, 'Produkte', '', NULL, NULL, '', 6, 'no', NULL, NULL),
(7, 1, 'main', 0, 0, NULL, 'Wir für Sie', '', NULL, NULL, '', 7, 'no', NULL, NULL),
(8, 1, 'main', 1, 1, 2, 'Webseiten (responsive)', 'cms', 'cms/page/index', NULL, '', 1, 'no', NULL, NULL),
(9, 1, 'main', 1, 2, 4, 'MFA', 'cms', 'cms/page/index', NULL, '', 1, 'no', NULL, NULL),
(10, 1, 'main', 1, 2, 5, 'App-Entwicklung', 'cms', 'cms/page/index', NULL, '', 2, 'no', NULL, NULL),
(11, 1, 'main', 1, 2, 6, 'Konzept/Beratung', 'cms', 'cms/page/index', NULL, '', 3, 'no', NULL, NULL),
(12, 1, 'main', 1, 2, 7, 'FB-Werbung', 'cms', 'cms/page/index', NULL, '', 4, 'no', NULL, NULL),
(13, 1, 'main', 1, 2, 8, 'Moderation', 'cms', 'cms/page/index', NULL, '', 5, 'no', NULL, NULL),
(14, 1, 'main', 1, 3, 9, 'SMS Massenversand (Bulk SMS) ', 'cms', 'cms/page/index', NULL, '', 1, 'no', NULL, NULL),
(15, 1, 'main', 1, 3, 10, 'SMS Newsletter', 'cms', 'cms/page/index', NULL, '', 2, 'no', NULL, NULL),
(16, 1, 'main', 1, 3, 11, 'SMS Gewinnspiele', 'cms', 'cms/page/index', NULL, '', 3, 'no', NULL, NULL),
(17, 1, 'main', 1, 3, 12, 'SMS Voting', 'cms', 'cms/page/index', NULL, '', 4, 'no', NULL, NULL),
(18, 1, 'main', 1, 3, 13, 'Premium SMS', 'cms', 'cms/page/index', NULL, '', 5, 'no', NULL, NULL),
(19, 1, 'main', 1, 3, 14, 'Inbound SMS Service', 'cms', 'cms/page/index', NULL, '', 6, 'no', NULL, NULL),
(20, 1, 'main', 1, 3, 15, 'Bezahlen per SMS', 'cms', 'cms/page/index', NULL, '', 7, 'no', NULL, NULL),
(21, 1, 'main', 1, 4, 16, 'Bulk SMS für Carrier', 'cms', 'cms/page/index', NULL, '', 1, 'no', NULL, NULL),
(22, 1, 'main', 1, 4, 17, 'Telefon Gewinnspiele', 'cms', 'cms/page/index', NULL, '', 2, 'no', NULL, NULL),
(23, 1, 'main', 1, 4, 18, 'Telefon Voting', 'cms', 'cms/page/index', NULL, '', 4, 'no', NULL, NULL),
(24, 1, 'main', 1, 4, 19, 'Rufnummer Hosting', 'cms', 'cms/page/index', NULL, '', 4, 'no', NULL, NULL),
(25, 1, 'main', 1, 5, 20, 'Beratung/Konzept', 'cms', 'cms/page/index', NULL, '', 1, 'no', NULL, NULL),
(26, 1, 'main', 1, 5, 21, 'Designs', 'cms', 'cms/page/index', NULL, '', 2, 'no', NULL, NULL),
(27, 1, 'main', 1, 5, 23, 'Video', 'cms', 'cms/page/index', NULL, '', 3, 'no', NULL, NULL),
(28, 1, 'main', 1, 5, 24, 'Angebote', 'cms', 'cms/page/index', NULL, '', 4, 'no', NULL, NULL),
(29, 1, 'main', 1, 6, 25, 'iCard', 'cms', 'cms/page/index', NULL, '', 1, 'no', NULL, NULL),
(30, 1, 'main', 1, 6, 26, 'Megapromo', 'cms', 'cms/page/index', NULL, '', 2, 'no', NULL, NULL),
(31, 1, 'main', 1, 6, 27, 'SMS&Park', 'cms', 'cms/page/index', NULL, '', 3, 'no', NULL, NULL),
(32, 1, 'main', 1, 6, 28, 'SMS&Win', 'cms', 'cms/page/index', NULL, '', 4, 'no', NULL, NULL),
(33, 1, 'main', 1, 6, 4, 'MFA', 'cms', 'cms/page/index', NULL, '', 5, 'no', NULL, NULL),
(34, 1, 'main', 1, 6, 29, 'Call&Pay', 'cms', 'cms/page/index', NULL, '', 6, 'no', NULL, NULL),
(35, 1, 'main', 1, 6, 30, 'Intranet Apps', 'cms', 'cms/page/index', NULL, '', 7, 'no', NULL, NULL),
(36, 1, 'main', 1, 7, NULL, 'Kontakt', 'cms', 'news/page/list', NULL, '', 1, 'no', NULL, NULL),
(37, 1, 'main', 1, 7, 31, 'Marketing Technologie', 'cms', 'cms/page/index', NULL, '', 2, 'no', NULL, NULL),
(38, 1, 'main', 1, 7, 32, 'Über uns (+Philosophie)', 'cms', 'cms/page/index', NULL, '', 3, 'no', NULL, NULL),
(39, 1, 'main', 1, 7, 33, 'Team', 'cms', 'cms/page/index', NULL, '', 4, 'no', NULL, NULL),
(40, 1, 'main', 1, 7, 34, 'Kompetenzen', 'cms', 'cms/page/index', NULL, '', 5, 'no', NULL, NULL),
(41, 1, 'main', 1, 7, 35, 'Auszeichnungen (top-rating.ch)', 'cms', 'cms/page/index', NULL, '', 6, 'no', NULL, NULL),
(42, 1, 'main', 1, 1, 3, 'Hosting (Web/Mail)', 'cms', 'cms/page/index', NULL, '', 2, 'no', NULL, NULL),
(43, 1, 'main', 1, 1, 36, 'Landingpage', 'cms', 'cms/page/index', NULL, '', 3, 'no', NULL, NULL),
(44, 1, 'main', 1, 1, 37, 'Web-Apps', 'cms', 'cms/page/index', NULL, '', 4, 'no', NULL, NULL),
(45, 1, 'main', 1, 1, 38, 'Domains', 'cms', 'cms/page/index', NULL, '', 5, 'no', NULL, NULL),
(46, 1, 'main', 1, 1, 39, 'Datacenter', 'cms', 'cms/page/index', NULL, '', 6, 'no', NULL, NULL),
(47, 1, 'main', 1, 1, 40, '(Adwords)', 'cms', 'cms/page/index', NULL, '', 7, 'no', NULL, NULL),
(48, 1, 'footer', 0, 0, NULL, 'Kontakt', '', NULL, NULL, '', 1, 'no', NULL, NULL),
(49, 1, 'footer', 1, 48, NULL, 'Blog', '', NULL, NULL, 'www.google.com', 2, 'no', NULL, NULL),
(51, 1, 'footer', 1, 48, NULL, 'Jobs', '', NULL, NULL, 'www.google.com', 2, 'no', NULL, NULL),
(52, 1, 'footer', 0, 0, NULL, 'Rechtliches', '', NULL, NULL, '', 2, 'no', NULL, NULL),
(53, 1, 'footer', 1, 52, 42, 'Impressum', 'cms', 'cms/page/index', NULL, '', 1, 'no', NULL, NULL),
(54, 1, 'footer', 1, 52, 43, 'AGB', 'cms', 'cms/page/index', NULL, '', 2, 'no', NULL, NULL),
(55, 1, 'footer', 0, 0, NULL, 'Hilfe', '', NULL, NULL, '', 3, 'no', NULL, NULL),
(56, 1, 'footer', 1, 55, 45, 'API Manuals', 'cms', 'cms/page/index', NULL, '', 1, 'no', NULL, NULL),
(57, 1, 'footer', 1, 55, NULL, 'Sitemap', 'cms', 'cms/sitemap/index', NULL, '', 2, 'no', NULL, NULL);

-- --------------------------------------------------------

--
-- Table structure for table `cms_menu_item_tr`
--

CREATE TABLE IF NOT EXISTS `cms_menu_item_tr` (
  `id` int(10) unsigned NOT NULL AUTO_INCREMENT,
  `language` char(5) NOT NULL,
  `translation_id` int(10) unsigned NOT NULL,
  `name` varchar(50) DEFAULT NULL,
  `uri` varchar(255) DEFAULT NULL,
  `meta` text COMMENT 'meta json data',
  PRIMARY KEY (`id`),
  UNIQUE KEY `language` (`language`,`translation_id`)
) ENGINE=MyISAM  DEFAULT CHARSET=utf8 COMMENT='menu translations' AUTO_INCREMENT=85 ;

--
-- Dumping data for table `cms_menu_item_tr`
--

INSERT INTO `cms_menu_item_tr` (`id`, `language`, `translation_id`, `name`, `uri`, `meta`) VALUES
(28, 'de', 2, 'Social Media', NULL, NULL),
(29, 'de', 3, 'Mobile Marketing', NULL, NULL),
(30, 'de', 4, 'Telecom', NULL, NULL),
(31, 'de', 5, 'Design/Graphics', NULL, NULL),
(32, 'de', 6, 'Produkte', NULL, NULL),
(33, 'de', 7, 'Wir für Sie', NULL, NULL),
(34, 'de', 8, 'Webseiten (responsive)', NULL, NULL),
(35, 'de', 9, 'MFA', NULL, NULL),
(36, 'de', 10, 'App-Entwicklung', NULL, NULL),
(37, 'de', 11, 'Konzept/Beratung', NULL, NULL),
(38, 'de', 12, 'FB-Werbung', NULL, NULL),
(39, 'de', 13, 'Moderation', NULL, NULL),
(40, 'de', 14, 'SMS Massenversand (Bulk SMS) ', NULL, NULL),
(41, 'de', 15, 'SMS Newsletter', NULL, NULL),
(42, 'de', 16, 'SMS Gewinnspiele', NULL, NULL),
(43, 'de', 17, 'SMS Voting', NULL, NULL),
(44, 'de', 18, 'Premium SMS', NULL, NULL),
(45, 'de', 19, 'Inbound SMS Service', NULL, NULL),
(46, 'de', 20, 'Bezahlen per SMS', NULL, NULL),
(47, 'de', 21, 'Bulk SMS für Carrier', NULL, NULL),
(48, 'de', 22, 'Telefon Gewinnspiele', NULL, NULL),
(49, 'de', 23, 'Telefon Voting', NULL, NULL),
(50, 'de', 24, 'Rufnummer Hosting', NULL, NULL),
(51, 'de', 25, 'Beratung/Konzept', NULL, NULL),
(52, 'de', 26, 'Designs', NULL, NULL),
(53, 'de', 27, 'Video', NULL, NULL),
(54, 'de', 28, 'Angebote', NULL, NULL),
(55, 'de', 29, 'iCard', NULL, NULL),
(56, 'de', 30, 'Megapromo', NULL, NULL),
(57, 'de', 31, 'SMS&Park', NULL, NULL),
(58, 'de', 32, 'SMS&Win', NULL, NULL),
(59, 'de', 33, 'MFA', NULL, NULL),
(60, 'de', 34, 'Call&Pay', NULL, NULL),
(61, 'de', 35, 'Intranet Apps', NULL, NULL),
(62, 'de', 36, 'Kontakt', NULL, NULL),
(63, 'de', 37, 'Marketing Technologie', NULL, NULL),
(64, 'de', 38, 'Über uns (+Philosophie)', NULL, NULL),
(65, 'de', 39, 'Team', NULL, NULL),
(66, 'de', 40, 'Kompetenzen', NULL, NULL),
(67, 'de', 41, 'Auszeichnungen (top-rating.ch)', NULL, NULL),
(68, 'de', 42, 'Hosting (Web/Mail)', NULL, NULL),
(69, 'de', 43, 'Landingpage', NULL, NULL),
(70, 'de', 44, 'Web-Apps', NULL, NULL),
(71, 'de', 45, 'Domains', NULL, NULL),
(72, 'de', 46, 'Datacenter', NULL, NULL),
(73, 'de', 47, '(Adwords)', NULL, NULL),
(74, 'de', 48, 'Kontakt', NULL, NULL),
(75, 'de', 49, 'Blog', 'www.google.com', NULL),
(77, 'de', 51, 'Jobs', 'www.google.com', NULL),
(78, 'de', 52, 'Rechtliches', NULL, NULL),
(79, 'de', 53, 'Impressum', NULL, NULL),
(80, 'de', 54, 'AGB', NULL, NULL),
(81, 'de', 55, 'Hilfe', NULL, NULL),
(82, 'de', 56, 'API Manuals', NULL, NULL),
(83, 'de', 57, 'Sitemap', NULL, NULL),
(84, 'de', 1, 'Home', NULL, NULL);

-- --------------------------------------------------------

--
-- Table structure for table `cms_page`
--

CREATE TABLE IF NOT EXISTS `cms_page` (
  `id` int(10) unsigned NOT NULL AUTO_INCREMENT,
  `code` varchar(20) NOT NULL COMMENT 'url segment',
  `url_id` varchar(30) DEFAULT NULL COMMENT 'parmalink id part',
  `application_id` int(10) unsigned NOT NULL,
  `type_id` int(10) unsigned DEFAULT NULL COMMENT 'page type',
  `user_id` int(10) unsigned NOT NULL COMMENT 'owner id',
  `posted` datetime NOT NULL,
  `format` enum('html','php','path') NOT NULL DEFAULT 'html' COMMENT 'format of the content',
  `title` varchar(50) NOT NULL,
  `content` text NOT NULL,
  `status` enum('draft','published') NOT NULL DEFAULT 'draft',
  `teaser` tinytext,
  `data` text COMMENT 'custom json data',
  `meta` text COMMENT 'meta json data',
  `content_type` enum('PUBLIC','PRIVATE') NOT NULL DEFAULT 'PUBLIC',
  PRIMARY KEY (`id`),
  KEY `type_id` (`type_id`),
  KEY `status` (`status`),
  KEY `user_id` (`user_id`),
  KEY `url_id` (`url_id`),
  KEY `application_id` (`application_id`,`code`)
) ENGINE=MyISAM  DEFAULT CHARSET=utf8 COMMENT='CMS Pages' AUTO_INCREMENT=56 ;

--
-- Dumping data for table `cms_page`
--

INSERT INTO `cms_page` (`id`, `code`, `url_id`, `application_id`, `type_id`, `user_id`, `posted`, `format`, `title`, `content`, `status`, `teaser`, `data`, `meta`, `content_type`) VALUES
(1, '', 'underconstruction', 1, 1, 1, '2014-09-03 15:14:29', 'html', 'Underconstruction', '<p>Under Construction</p>', 'published', NULL, '{"teaser_image":""}', '{"keywords":"","description":""}', 'PUBLIC'),
(2, '', 'webseiten-responsive', 1, 1, 1, '2014-09-03 15:20:32', 'html', 'Webseiten (responsive)', '<p>Webseiten (responsive)</p>', 'published', NULL, '{"teaser_image":""}', '{"keywords":"webseiten,responsive","description":"Webseiten (responsive)"}', 'PUBLIC'),
(3, '', 'hosting-web-mail', 1, 1, 1, '2014-09-03 15:21:22', 'html', 'Hosting (Web/Mail)', '<p>Hosting (Web/Mail)</p>', 'published', NULL, '{"teaser_image":""}', '{"keywords":"hosting,Web,Mail","description":"Hosting (Web\\/Mail)"}', 'PUBLIC'),
(4, '', 'mfa', 1, 1, 1, '2014-09-03 15:23:55', 'html', 'MFA', '<p>MFA</p>', 'published', NULL, '{"teaser_image":""}', '{"keywords":"","description":""}', 'PUBLIC'),
(5, '', 'app-entwicklung', 1, 1, 1, '2014-09-03 15:25:50', 'html', 'App-Entwicklung', '<p>App-Entwicklung</p>', 'published', NULL, '{"teaser_image":""}', '{"keywords":"","description":""}', 'PUBLIC'),
(6, '', 'konzept-beratung', 1, 1, 1, '2014-09-03 15:28:52', 'html', 'Konzept/Beratung', '<p>Konzept/Beratung</p>', 'published', NULL, '{"teaser_image":""}', '{"keywords":"","description":""}', 'PUBLIC'),
(7, '', 'fb-werbung', 1, 1, 1, '2014-09-03 16:02:17', 'html', 'FB-Werbung', '<p>FB-Werbung</p>', 'published', NULL, '{"teaser_image":""}', '{"keywords":"","description":""}', 'PUBLIC'),
(8, '', 'moderation', 1, 1, 1, '2014-09-03 16:02:29', 'html', 'Moderation', '<p>Moderation</p>', 'published', NULL, '{"teaser_image":""}', '{"keywords":"","description":""}', 'PUBLIC'),
(9, '', 'sms-massenversand-bulk-sms', 1, 1, 1, '2014-09-03 16:04:47', 'html', 'SMS Massenversand (Bulk SMS)', '<p>SMS Massenversand (Bulk SMS)</p>', 'published', NULL, '{"teaser_image":""}', '{"keywords":"","description":""}', 'PUBLIC'),
(10, '', 'sms-newsletter', 1, 1, 1, '2014-09-03 16:05:59', 'html', 'SMS Newsletter', '<p>SMS Newsletter</p>', 'published', NULL, '{"teaser_image":""}', '{"keywords":"","description":""}', 'PUBLIC'),
(11, '', 'sms-gewinnspiele', 1, 1, 1, '2014-09-03 16:07:07', 'html', 'SMS Gewinnspiele', '<p>SMS Gewinnspiele</p>', 'published', NULL, '{"teaser_image":""}', '{"keywords":"","description":""}', 'PUBLIC'),
(12, '', 'sms-voting', 1, 1, 1, '2014-09-03 16:07:16', 'html', 'SMS Voting', '<p>SMS Voting</p>', 'published', NULL, '{"teaser_image":""}', '{"keywords":"","description":""}', 'PUBLIC'),
(13, '', 'premium-sms', 1, 1, 1, '2014-09-03 16:07:25', 'html', 'Premium SMS', '<p>Premium SMS</p>', 'published', NULL, '{"teaser_image":""}', '{"keywords":"","description":""}', 'PUBLIC'),
(14, '', 'inbound-sms-service', 1, 1, 1, '2014-09-03 16:07:40', 'html', 'Inbound SMS Service', '<p>inbound SMS Service</p>', 'published', NULL, '{"teaser_image":""}', '{"keywords":"","description":""}', 'PUBLIC'),
(15, '', 'bezahlen-per-sms', 1, 1, 1, '2014-09-03 16:07:49', 'html', 'Bezahlen per SMS', '<p>Bezahlen per SMS</p>', 'published', NULL, '{"teaser_image":""}', '{"keywords":"","description":""}', 'PUBLIC'),
(16, '', 'bulk-sms-fuer-carrier', 1, 1, 1, '2014-09-04 08:43:43', 'html', 'Bulk SMS für Carrier', '<p>Bulk SMS f&uuml;r Carrier</p>', 'published', NULL, '{"teaser_image":""}', '{"keywords":"","description":""}', 'PUBLIC'),
(17, '', 'telefon-gewinnspiele', 1, 1, 1, '2014-09-04 08:43:53', 'html', 'Telefon Gewinnspiele', '<p>Telefon Gewinnspiele</p>', 'published', NULL, '{"teaser_image":""}', '{"keywords":"","description":""}', 'PUBLIC'),
(18, '', 'telefon-voting', 1, 1, 1, '2014-09-04 08:44:02', 'html', 'Telefon Voting', '<p>Telefon Voting</p>', 'published', NULL, '{"teaser_image":""}', '{"keywords":"","description":""}', 'PUBLIC'),
(19, '', 'rufnummer-hosting', 1, 1, 1, '2014-09-04 08:44:14', 'html', 'Rufnummer Hosting', '<p>Rufnummer Hosting</p>', 'published', NULL, '{"teaser_image":""}', '{"keywords":"","description":""}', 'PUBLIC'),
(20, '', 'beratung-konzept', 1, 1, 1, '2014-09-04 08:47:55', 'html', 'Beratung/Konzept', '<p>Beratung/Konzept</p>', 'published', NULL, '{"teaser_image":""}', '{"keywords":"","description":""}', 'PUBLIC'),
(21, '', 'designs', 1, 1, 1, '2014-09-04 08:48:55', 'html', 'Designs', '<p>Designs</p>', 'published', NULL, '{"teaser_image":""}', '{"keywords":"","description":""}', 'PUBLIC'),
(22, '', 'inserate-plakate-etc', 1, 1, 1, '2014-09-04 08:49:10', 'html', '(Inserate/Plakate etc)', '<p>(Inserate/Plakate etc)</p>', 'published', NULL, '{"teaser_image":""}', '{"keywords":"","description":""}', 'PUBLIC'),
(23, '', 'video-webvideo', 1, 1, 1, '2014-09-04 08:49:19', 'html', 'Video (Webvideo)', '<p>Video (Webvideo)</p>', 'published', NULL, '{"teaser_image":""}', '{"keywords":"","description":""}', 'PUBLIC'),
(24, '', 'angebote', 1, 1, 1, '2014-09-04 08:49:34', 'html', 'Angebote', '<p>Angebote</p>', 'published', NULL, '{"teaser_image":""}', '{"keywords":"","description":""}', 'PUBLIC'),
(25, '', 'icard', 1, 1, 1, '2014-09-04 09:05:23', 'html', 'iCard', '<p>iCard</p>', 'published', NULL, '{"teaser_image":""}', '{"keywords":"","description":""}', 'PUBLIC'),
(26, '', 'megapromo', 1, 1, 1, '2014-09-04 09:05:32', 'html', 'Megapromo', '<p>Megapromo</p>', 'published', NULL, '{"teaser_image":""}', '{"keywords":"","description":""}', 'PUBLIC'),
(27, '', 'smspark', 1, 1, 1, '2014-09-04 09:05:42', 'html', 'SMS&Park', '<p>SMS&amp;Park</p>', 'published', NULL, '{"teaser_image":""}', '{"keywords":"","description":""}', 'PUBLIC'),
(28, '', 'smswin', 1, 1, 1, '2014-09-04 09:05:52', 'html', 'SMS&Win', '<p>SMS&amp;Win</p>', 'published', NULL, '{"teaser_image":""}', '{"keywords":"","description":""}', 'PUBLIC'),
(29, '', 'callpay', 1, 1, 1, '2014-09-04 09:06:24', 'html', 'Call&Pay', '<p>Call&amp;Pay</p>', 'published', NULL, '{"teaser_image":""}', '{"keywords":"","description":""}', 'PUBLIC'),
(30, '', 'intranet-apps', 1, 1, 1, '2014-09-04 09:06:36', 'html', 'Intranet Apps', '<p>Intranet Apps</p>', 'published', NULL, '{"teaser_image":""}', '{"keywords":"","description":""}', 'PUBLIC'),
(31, '', 'marketing-technologie', 1, 1, 1, '2014-09-04 09:07:02', 'html', 'Marketing Technologie', '<p>Marketing Technologie</p>', 'published', NULL, '{"teaser_image":""}', '{"keywords":"","description":""}', 'PUBLIC'),
(32, '', 'ueber-uns-+philosophie', 1, 1, 1, '2014-09-04 09:07:14', 'html', 'Über uns (+Philosophie)', '<p>&Uuml;ber uns (+Philosophie)</p>', 'published', NULL, '{"teaser_image":""}', '{"keywords":"","description":""}', 'PUBLIC'),
(33, '', 'team', 1, 1, 1, '2014-09-04 09:07:23', 'html', 'Team', '<p>Team</p>', 'published', NULL, '{"teaser_image":""}', '{"keywords":"","description":""}', 'PUBLIC'),
(34, '', 'kompetenzen', 1, 1, 1, '2014-09-04 09:07:30', 'html', 'Kompetenzen', '<p>Kompetenzen</p>', 'published', NULL, '{"teaser_image":""}', '{"keywords":"","description":""}', 'PUBLIC'),
(35, '', 'auszeichnungen-top-rating-ch', 1, 1, 1, '2014-09-04 09:07:43', 'html', 'Auszeichnungen (top-rating.ch)', '<p>Auszeichnungen (top-rating.ch)</p>', 'published', NULL, '{"teaser_image":""}', '{"keywords":"","description":""}', 'PUBLIC'),
(36, '', 'landingpage', 1, 1, 1, '2014-09-04 10:12:18', 'html', 'Landingpage', '<p>Landingpage</p>', 'published', NULL, '{"teaser_image":""}', '{"keywords":"","description":""}', 'PUBLIC'),
(37, '', 'web-apps', 1, 1, 1, '2014-09-04 10:12:26', 'html', 'Web-Apps', '<p>Web-Apps</p>', 'published', NULL, '{"teaser_image":""}', '{"keywords":"","description":""}', 'PUBLIC'),
(38, '', 'domains', 1, 1, 1, '2014-09-04 10:12:35', 'html', 'Domains', '<p>Domains</p>', 'published', NULL, '{"teaser_image":""}', '{"keywords":"","description":""}', 'PUBLIC'),
(39, '', 'datacenter', 1, 1, 1, '2014-09-04 10:12:41', 'html', 'Datacenter', '<p>Datacenter</p>', 'published', NULL, '{"teaser_image":""}', '{"keywords":"","description":""}', 'PUBLIC'),
(40, '', 'adwords', 1, 1, 1, '2014-09-04 10:12:50', 'html', '(Adwords)', '<p>(Adwords)</p>', 'published', NULL, '{"teaser_image":""}', '{"keywords":"","description":""}', 'PUBLIC'),
(41, '', 'rechtliches', 1, 1, 1, '2014-09-04 11:37:38', 'html', 'Rechtliches', '<p>Rechtliches</p>', 'published', NULL, '{"teaser_image":""}', '{"keywords":"","description":""}', 'PUBLIC'),
(42, '', 'impressum', 1, 1, 1, '2014-09-04 11:37:46', 'html', 'Impressum', '<p>Impressum</p>', 'published', NULL, '{"teaser_image":""}', '{"keywords":"","description":""}', 'PUBLIC'),
(43, '', 'agb', 1, 1, 1, '2014-09-04 11:37:56', 'html', 'AGB', '<p>AGB</p>', 'published', NULL, '{"teaser_image":""}', '{"keywords":"","description":""}', 'PUBLIC'),
(44, '', 'hilfe', 1, 1, 1, '2014-09-04 11:38:06', 'html', 'Hilfe', '<p>Hilfe</p>', 'published', NULL, '{"teaser_image":""}', '{"keywords":"","description":""}', 'PUBLIC'),
(45, '', 'api-manuals', 1, 1, 1, '2014-09-04 11:38:12', 'html', 'API Manuals', '<p>API Manuals</p>', 'published', NULL, '{"teaser_image":""}', '{"keywords":"","description":""}', 'PUBLIC'),
(46, '', 'social-horisen', 1, 1, 1, '2014-09-04 11:38:27', 'html', 'Social Horisen', '<p>Social Horisen</p>', 'published', NULL, '{"teaser_image":""}', '{"keywords":"","description":""}', 'PUBLIC'),
(47, '', 'fb', 1, 1, 1, '2014-09-04 11:38:34', 'html', 'FB', '<p>FB</p>', 'published', NULL, '{"teaser_image":""}', '{"keywords":"","description":""}', 'PUBLIC'),
(48, '', 'pinterest', 1, 1, 1, '2014-09-04 11:38:41', 'html', 'Pinterest', '<p>Pinterest</p>', 'published', NULL, '{"teaser_image":""}', '{"keywords":"","description":""}', 'PUBLIC'),
(49, '', 'youtube', 1, 1, 1, '2014-09-04 11:38:48', 'html', 'Youtube', '<p>Youtube</p>', 'published', NULL, '{"teaser_image":""}', '{"keywords":"","description":""}', 'PUBLIC'),
(50, '', 'twitter', 1, 1, 1, '2014-09-04 11:38:56', 'html', 'Twitter', '<p>Twitter</p>', 'published', NULL, '{"teaser_image":""}', '{"keywords":"","description":""}', 'PUBLIC'),
(51, '', 'flickr', 1, 1, 1, '2014-09-04 11:39:04', 'html', 'Flickr', '<p>Flickr</p>', 'published', NULL, '{"teaser_image":""}', '{"keywords":"","description":""}', 'PUBLIC'),
(52, '', 'instagram', 1, 1, 1, '2014-09-04 11:39:12', 'html', 'Instagram', '<p>Instagram</p>', 'published', NULL, '{"teaser_image":""}', '{"keywords":"","description":""}', 'PUBLIC'),
(55, '', 'slider-image', 1, 13, 1, '2014-09-05 11:22:12', 'html', 'Slider Image', '', 'published', '', '{"img":"slider_images\\/slideImages.jpg","show":"1","teaser":"","order":"2","target":""}', NULL, 'PUBLIC'),
(54, '', 'slider-images', 1, 13, 1, '2014-09-05 11:20:46', 'html', 'Slider Images', '', 'published', '', '{"img":"slider_images\\/slideImages.jpg","show":"1","teaser":"","order":"1","target":""}', NULL, 'PUBLIC');

-- --------------------------------------------------------

--
-- Table structure for table `cms_page_tr`
--

CREATE TABLE IF NOT EXISTS `cms_page_tr` (
  `id` int(10) unsigned NOT NULL AUTO_INCREMENT,
  `language` char(5) NOT NULL,
  `translation_id` int(10) unsigned NOT NULL,
  `url_id` varchar(30) DEFAULT NULL COMMENT 'parmalink id part',
  `title` varchar(50) DEFAULT NULL,
  `content` text,
  `teaser` tinytext,
  `data` text COMMENT 'custom json data',
  `meta` text COMMENT 'meta json data',
  PRIMARY KEY (`id`),
  UNIQUE KEY `language` (`language`,`translation_id`),
  KEY `url_id` (`url_id`)
) ENGINE=MyISAM  DEFAULT CHARSET=utf8 COMMENT='pages translations' AUTO_INCREMENT=56 ;

--
-- Dumping data for table `cms_page_tr`
--

INSERT INTO `cms_page_tr` (`id`, `language`, `translation_id`, `url_id`, `title`, `content`, `teaser`, `data`, `meta`) VALUES
(1, 'de', 1, 'underconstruction', 'Underconstruction', '<p>Under Construction</p>', NULL, '{"teaser_image":""}', '{"keywords":"","description":""}'),
(2, 'de', 2, 'webseiten-responsive', 'Webseiten (responsive)', '<p>Webseiten (responsive)</p>', NULL, '{"teaser_image":""}', '{"keywords":"webseiten,responsive","description":"Webseiten (responsive)"}'),
(3, 'de', 3, 'hosting-web-mail', 'Hosting (Web/Mail)', '<p>Hosting (Web/Mail)</p>', NULL, '{"teaser_image":""}', '{"keywords":"hosting,Web,Mail","description":"Hosting (Web\\/Mail)"}'),
(4, 'de', 4, 'mfa', 'MFA', '<p>MFA</p>', NULL, '{"teaser_image":""}', '{"keywords":"","description":""}'),
(5, 'de', 5, 'app-entwicklung', 'App-Entwicklung', '<p>App-Entwicklung</p>', NULL, '{"teaser_image":""}', '{"keywords":"","description":""}'),
(6, 'de', 6, 'konzept-beratung', 'Konzept/Beratung', '<p>Konzept/Beratung</p>', NULL, '{"teaser_image":""}', '{"keywords":"","description":""}'),
(7, 'de', 7, 'fb-werbung', 'FB-Werbung', '<p>FB-Werbung</p>', NULL, '{"teaser_image":""}', '{"keywords":"","description":""}'),
(8, 'de', 8, 'moderation', 'Moderation', '<p>Moderation</p>', NULL, '{"teaser_image":""}', '{"keywords":"","description":""}'),
(9, 'de', 9, 'sms-massenversand-bulk-sms', 'SMS Massenversand (Bulk SMS)', '<p>SMS Massenversand (Bulk SMS)</p>', NULL, '{"teaser_image":""}', '{"keywords":"","description":""}'),
(10, 'de', 10, 'sms-newsletter', 'SMS Newsletter', '<p>SMS Newsletter</p>', NULL, '{"teaser_image":""}', '{"keywords":"","description":""}'),
(11, 'de', 11, 'sms-gewinnspiele', 'SMS Gewinnspiele', '<p>SMS Gewinnspiele</p>', NULL, '{"teaser_image":""}', '{"keywords":"","description":""}'),
(12, 'de', 12, 'sms-voting', 'SMS Voting', '<p>SMS Voting</p>', NULL, '{"teaser_image":""}', '{"keywords":"","description":""}'),
(13, 'de', 13, 'premium-sms', 'Premium SMS', '<p>Premium SMS</p>', NULL, '{"teaser_image":""}', '{"keywords":"","description":""}'),
(14, 'de', 14, 'inbound-sms-service', 'Inbound SMS Service', '<p>inbound SMS Service</p>', NULL, '{"teaser_image":""}', '{"keywords":"","description":""}'),
(15, 'de', 15, 'bezahlen-per-sms', 'Bezahlen per SMS', '<p>Bezahlen per SMS</p>', NULL, '{"teaser_image":""}', '{"keywords":"","description":""}'),
(16, 'de', 16, 'bulk-sms-fuer-carrier', 'Bulk SMS für Carrier', '<p>Bulk SMS f&uuml;r Carrier</p>', NULL, '{"teaser_image":""}', '{"keywords":"","description":""}'),
(17, 'de', 17, 'telefon-gewinnspiele', 'Telefon Gewinnspiele', '<p>Telefon Gewinnspiele</p>', NULL, '{"teaser_image":""}', '{"keywords":"","description":""}'),
(18, 'de', 18, 'telefon-voting', 'Telefon Voting', '<p>Telefon Voting</p>', NULL, '{"teaser_image":""}', '{"keywords":"","description":""}'),
(19, 'de', 19, 'rufnummer-hosting', 'Rufnummer Hosting', '<p>Rufnummer Hosting</p>', NULL, '{"teaser_image":""}', '{"keywords":"","description":""}'),
(20, 'de', 20, 'beratung-konzept', 'Beratung/Konzept', '<p>Beratung/Konzept</p>', NULL, '{"teaser_image":""}', '{"keywords":"","description":""}'),
(21, 'de', 21, 'designs', 'Designs', '<p>Designs</p>', NULL, '{"teaser_image":""}', '{"keywords":"","description":""}'),
(22, 'de', 22, 'inserate-plakate-etc', '(Inserate/Plakate etc)', '<p>(Inserate/Plakate etc)</p>', NULL, '{"teaser_image":""}', '{"keywords":"","description":""}'),
(23, 'de', 23, 'video-webvideo', 'Video (Webvideo)', '<p>Video (Webvideo)</p>', NULL, '{"teaser_image":""}', '{"keywords":"","description":""}'),
(24, 'de', 24, 'angebote', 'Angebote', '<p>Angebote</p>', NULL, '{"teaser_image":""}', '{"keywords":"","description":""}'),
(25, 'de', 25, 'icard', 'iCard', '<p>iCard</p>', NULL, '{"teaser_image":""}', '{"keywords":"","description":""}'),
(26, 'de', 26, 'megapromo', 'Megapromo', '<p>Megapromo</p>', NULL, '{"teaser_image":""}', '{"keywords":"","description":""}'),
(27, 'de', 27, 'smspark', 'SMS&Park', '<p>SMS&amp;Park</p>', NULL, '{"teaser_image":""}', '{"keywords":"","description":""}'),
(28, 'de', 28, 'smswin', 'SMS&Win', '<p>SMS&amp;Win</p>', NULL, '{"teaser_image":""}', '{"keywords":"","description":""}'),
(29, 'de', 29, 'callpay', 'Call&Pay', '<p>Call&amp;Pay</p>', NULL, '{"teaser_image":""}', '{"keywords":"","description":""}'),
(30, 'de', 30, 'intranet-apps', 'Intranet Apps', '<p>Intranet Apps</p>', NULL, '{"teaser_image":""}', '{"keywords":"","description":""}'),
(31, 'de', 31, 'marketing-technologie', 'Marketing Technologie', '<p>Marketing Technologie</p>', NULL, '{"teaser_image":""}', '{"keywords":"","description":""}'),
(32, 'de', 32, 'ueber-uns-+philosophie', 'Über uns (+Philosophie)', '<p>&Uuml;ber uns (+Philosophie)</p>', NULL, '{"teaser_image":""}', '{"keywords":"","description":""}'),
(33, 'de', 33, 'team', 'Team', '<p>Team</p>', NULL, '{"teaser_image":""}', '{"keywords":"","description":""}'),
(34, 'de', 34, 'kompetenzen', 'Kompetenzen', '<p>Kompetenzen</p>', NULL, '{"teaser_image":""}', '{"keywords":"","description":""}'),
(35, 'de', 35, 'auszeichnungen-top-rating-ch', 'Auszeichnungen (top-rating.ch)', '<p>Auszeichnungen (top-rating.ch)</p>', NULL, '{"teaser_image":""}', '{"keywords":"","description":""}'),
(36, 'de', 36, 'landingpage', 'Landingpage', '<p>Landingpage</p>', NULL, '{"teaser_image":""}', '{"keywords":"","description":""}'),
(37, 'de', 37, 'web-apps', 'Web-Apps', '<p>Web-Apps</p>', NULL, '{"teaser_image":""}', '{"keywords":"","description":""}'),
(38, 'de', 38, 'domains', 'Domains', '<p>Domains</p>', NULL, '{"teaser_image":""}', '{"keywords":"","description":""}'),
(39, 'de', 39, 'datacenter', 'Datacenter', '<p>Datacenter</p>', NULL, '{"teaser_image":""}', '{"keywords":"","description":""}'),
(40, 'de', 40, 'adwords', '(Adwords)', '<p>(Adwords)</p>', NULL, '{"teaser_image":""}', '{"keywords":"","description":""}'),
(41, 'de', 41, 'rechtliches', 'Rechtliches', '<p>Rechtliches</p>', NULL, '{"teaser_image":""}', '{"keywords":"","description":""}'),
(42, 'de', 42, 'impressum', 'Impressum', '<p>Impressum</p>', NULL, '{"teaser_image":""}', '{"keywords":"","description":""}'),
(43, 'de', 43, 'agb', 'AGB', '<p>AGB</p>', NULL, '{"teaser_image":""}', '{"keywords":"","description":""}'),
(44, 'de', 44, 'hilfe', 'Hilfe', '<p>Hilfe</p>', NULL, '{"teaser_image":""}', '{"keywords":"","description":""}'),
(45, 'de', 45, 'api-manuals', 'API Manuals', '<p>API Manuals</p>', NULL, '{"teaser_image":""}', '{"keywords":"","description":""}'),
(46, 'de', 46, 'social-horisen', 'Social Horisen', '<p>Social Horisen</p>', NULL, '{"teaser_image":""}', '{"keywords":"","description":""}'),
(47, 'de', 47, 'fb', 'FB', '<p>FB</p>', NULL, '{"teaser_image":""}', '{"keywords":"","description":""}'),
(48, 'de', 48, 'pinterest', 'Pinterest', '<p>Pinterest</p>', NULL, '{"teaser_image":""}', '{"keywords":"","description":""}'),
(49, 'de', 49, 'youtube', 'Youtube', '<p>Youtube</p>', NULL, '{"teaser_image":""}', '{"keywords":"","description":""}'),
(50, 'de', 50, 'twitter', 'Twitter', '<p>Twitter</p>', NULL, '{"teaser_image":""}', '{"keywords":"","description":""}'),
(51, 'de', 51, 'flickr', 'Flickr', '<p>Flickr</p>', NULL, '{"teaser_image":""}', '{"keywords":"","description":""}'),
(52, 'de', 52, 'instagram', 'Instagram', '<p>Instagram</p>', NULL, '{"teaser_image":""}', '{"keywords":"","description":""}'),
(55, 'de', 55, 'slider-image', 'Slider Image', '', '', '{"img":"slider_images\\/slideImages.jpg","show":"1","teaser":"","order":"2","target":""}', NULL),
(54, 'de', 54, 'slider-images', 'Slider Images', '', '', '{"img":"slider_images\\/slideImages.jpg","show":"1","teaser":"","order":"1","target":""}', NULL);

-- --------------------------------------------------------

--
-- Table structure for table `cms_page_type`
--

CREATE TABLE IF NOT EXISTS `cms_page_type` (
  `id` int(10) unsigned NOT NULL AUTO_INCREMENT,
  `code` varchar(20) DEFAULT NULL COMMENT 'page type unique code',
  `name` varchar(100) NOT NULL,
  `description` text NOT NULL,
  `module` varchar(20) DEFAULT NULL,
  `data` text COMMENT 'json custom data',
  PRIMARY KEY (`id`),
  UNIQUE KEY `code` (`code`)
) ENGINE=MyISAM  DEFAULT CHARSET=utf8 COMMENT='page types' AUTO_INCREMENT=14 ;

--
-- Dumping data for table `cms_page_type`
--

INSERT INTO `cms_page_type` (`id`, `code`, `name`, `description`, `module`, `data`) VALUES
(1, 'page', 'Page', 'Standard Static Page', 'cms', '{\r\n"delete":{\r\n"link":"cms/admin/page-delete" } }'),
(2, 'news', 'News', 'News posts', 'news', '{\r\n"edit":{\r\n    "link":"news/admin/page-edit",\r\n    "file":"/modules/news/js/pageType.js",\r\n    "fn":"newsInit"\r\n},\r\n"delete":{\r\n   "link":"cms/admin/page-delete"\r\n}\r\n}'),
(9, 'contentblock', 'Content Block', 'Content for different purposes', 'contentblock', '{\r\n"delete":{\r\n   "link":"cms/admin/page-delete"\r\n}\r\n}'),
(13, 'slider', 'Image Slider', 'Image Slider', 'slider', '{\n"edit":{\n    "link":"slider/admin/page-edit",\n    "file":"/modules/slider/js/pageType.js",\n    "fn":"sliderInit"\n},\n"delete":{\n   "link":"cms/admin/page-delete"\n}\n}');

-- --------------------------------------------------------

--
-- Table structure for table `cms_route`
--

CREATE TABLE IF NOT EXISTS `cms_route` (
  `id` int(10) unsigned NOT NULL AUTO_INCREMENT,
  `application_id` int(10) unsigned NOT NULL,
  `page_id` int(10) unsigned DEFAULT NULL COMMENT 'optional cms page id - record routes to',
  `uri` varchar(255) NOT NULL COMMENT 'uri to match',
  `name` varchar(50) DEFAULT NULL,
  `path` varchar(255) DEFAULT NULL COMMENT 'module/controller/action',
  `params` varchar(255) DEFAULT NULL COMMENT 'param_name/param_value ...',
  `lang` char(5) DEFAULT NULL,
  PRIMARY KEY (`id`),
  KEY `menu` (`application_id`)
) ENGINE=MyISAM  DEFAULT CHARSET=utf8 AUTO_INCREMENT=57 ;

--
-- Dumping data for table `cms_route`
--

INSERT INTO `cms_route` (`id`, `application_id`, `page_id`, `uri`, `name`, `path`, `params`, `lang`) VALUES
(1, 1, NULL, '', 'Home', 'default/index/index', NULL, 'de'),
(2, 1, NULL, '', 'Home', 'default/index/index', NULL, 'it'),
(3, 1, NULL, '', 'Home', 'default/index/index', NULL, 'fr'),
(4, 1, NULL, '', 'Home', 'default/index/index', NULL, 'en'),
(5, 1, 1, 'social-media', 'Social Media', 'cms/page/index', NULL, 'de'),
(6, 1, 1, 'mobile-marketing', 'Mobile Marketing', 'cms/page/index', NULL, 'de'),
(7, 1, 1, 'telecom', 'Telecom', 'cms/page/index', NULL, 'de'),
(8, 1, 1, 'design-graphics', 'Design/Graphics', 'cms/page/index', NULL, 'de'),
(9, 1, 1, 'produkte', 'Produkte', 'cms/page/index', NULL, 'de'),
(10, 1, 4, 'social-media', 'Wir für Sie', 'cms/page/index', NULL, 'de'),
(11, 1, 2, 'vebseiten-responsive', 'Webseiten (responsive)', 'cms/page/index', NULL, 'de'),
(12, 1, 4, 'social-media/mfa', 'MFA', 'cms/page/index', NULL, 'de'),
(13, 1, 5, 'social-media/app-entwicklung', 'App-Entwicklung', 'cms/page/index', NULL, 'de'),
(14, 1, 6, 'social-media/konzept-beratung', 'Konzept/Beratung', 'cms/page/index', NULL, 'de'),
(15, 1, 7, 'social-media/fb-werbung', 'FB-Werbung', 'cms/page/index', NULL, 'de'),
(16, 1, 8, 'social-media/moderation', 'Moderation', 'cms/page/index', NULL, 'de'),
(17, 1, 9, 'mobile-marketing/sms-massenversand-bulk-sms', 'SMS Massenversand (Bulk SMS) ', 'cms/page/index', NULL, 'de'),
(18, 1, 10, 'mobile-marketing/sms-newsletter ', 'SMS Newsletter', 'cms/page/index', NULL, 'de'),
(19, 1, 11, 'mobile-marketing/sms-gewinnspiele ', 'SMS Gewinnspiele', 'cms/page/index', NULL, 'de'),
(20, 1, 12, 'mobile-marketing/sms-voting ', 'SMS Voting', 'cms/page/index', NULL, 'de'),
(21, 1, 13, 'mobile-marketing/premium-sms', 'Premium SMS', 'cms/page/index', NULL, 'de'),
(22, 1, 14, 'mobile-marketing/inbound-sms-service ', 'Inbound SMS Service', 'cms/page/index', NULL, 'de'),
(23, 1, 15, 'mobile-marketing/bezahlen-per-sms ', 'Bezahlen per SMS', 'cms/page/index', NULL, 'de'),
(24, 1, 16, 'telecom/bulk-sms-fuer-carrier', 'Bulk SMS für Carrier', 'cms/page/index', NULL, 'de'),
(25, 1, 17, 'telecom/telefon-gewinnspiele ', 'Telefon Gewinnspiele', 'cms/page/index', NULL, 'de'),
(26, 1, 18, 'telecom/telefon-voting', 'Telefon Voting', 'cms/page/index', NULL, 'de'),
(27, 1, 19, 'telecom/rufnummer-hosting ', 'Rufnummer Hosting', 'cms/page/index', NULL, 'de'),
(28, 1, 20, 'design-graphics/beratung-konzept ', 'Beratung/Konzept', 'cms/page/index', NULL, 'de'),
(29, 1, 21, 'design-graphics/design', 'Designs', 'cms/page/index', NULL, 'de'),
(30, 1, 23, 'design-graphics/video', 'Video', 'cms/page/index', NULL, 'de'),
(31, 1, 24, 'design-graphics/angebote', 'Angebote', 'cms/page/index', NULL, 'de'),
(32, 1, 25, 'produkte/icard', 'iCard', 'cms/page/index', NULL, 'de'),
(33, 1, 26, 'produkte/megapromo', 'Megapromo', 'cms/page/index', NULL, 'de'),
(34, 1, 27, 'produkte/smspark', 'SMS&Park', 'cms/page/index', NULL, 'de'),
(35, 1, 28, 'produkte/smswin', 'SMS&Win', 'cms/page/index', NULL, 'de'),
(36, 1, 4, 'produkte/mfa', 'MFA', 'cms/page/index', NULL, 'de'),
(37, 1, 29, 'produkte/callpay', 'Call&Pay', 'cms/page/index', NULL, 'de'),
(38, 1, 30, 'produkte/internet-apps', 'Intranet Apps', 'cms/page/index', NULL, 'de'),
(39, 1, NULL, 'kontakt', 'Kontakt', 'news/page/list', NULL, 'de'),
(40, 1, 31, 'wir-fuer-sie/marketing-technologie', 'Marketing Technologie', 'cms/page/index', NULL, 'de'),
(41, 1, 32, 'wir-fuer-sie/ueber-uns-+philosophie', 'Über uns (+Philosophie)', 'cms/page/index', NULL, 'de'),
(42, 1, 33, 'wir-fuer-sie/team', 'Team', 'cms/page/index', NULL, 'de'),
(43, 1, 34, 'wir-fuer-sie/kompetenzen', 'Kompetenzen', 'cms/page/index', NULL, 'de'),
(44, 1, 35, 'wir-fuer-sie/auszeichnungen-top-rating-ch', 'Auszeichnungen (top-rating.ch)', 'cms/page/index', NULL, 'de'),
(45, 1, 3, 'web-services/hosting-web-mail ', 'Webseiten (responsive)', 'cms/page/index', NULL, 'de'),
(46, 1, 36, 'web-services/landingpage', 'Landingpage', 'cms/page/index', NULL, 'de'),
(47, 1, 37, 'web-services/web-apps', 'Web-Apps', 'cms/page/index', NULL, 'de'),
(48, 1, 38, 'web-services/domains', 'Domains', 'cms/page/index', NULL, 'de'),
(49, 1, 39, 'web-services/datacenter', 'Datacenter', 'cms/page/index', NULL, 'de'),
(50, 1, 40, 'web-services/adwords', '(Adwords)', 'cms/page/index', NULL, 'de'),
(51, 1, 41, 'rechtliches', 'Rechtliches', 'cms/page/index', NULL, 'de'),
(52, 1, 42, 'impressum', 'Impressum', 'cms/page/index', NULL, 'de'),
(53, 1, 43, 'agb', 'AGB', 'cms/page/index', NULL, 'de'),
(54, 1, 44, 'hilfe', 'Hilfe', 'cms/page/index', NULL, 'de'),
(55, 1, 45, 'api-manuals ', 'API Manuals', 'cms/page/index', NULL, 'de'),
(56, 1, NULL, 'sitemap', 'Sitemap', 'cms/sitemap/index', NULL, 'de');

-- --------------------------------------------------------

--
-- Table structure for table `contact`
--

CREATE TABLE IF NOT EXISTS `contact` (
  `id` int(10) unsigned NOT NULL AUTO_INCREMENT,
  `application_id` int(10) unsigned NOT NULL,
  `posted` datetime NOT NULL,
  `first_name` varchar(60) NOT NULL,
  `last_name` varchar(60) NOT NULL,
  `gender` varchar(10) NOT NULL,
  `email` varchar(255) NOT NULL,
  `phone` varchar(60) DEFAULT NULL,
  `fax` varchar(60) DEFAULT NULL,
  `mobile` varchar(60) DEFAULT NULL,
  `country` varchar(100) NOT NULL,
  `zip` int(10) NOT NULL,
  `city` varchar(100) NOT NULL,
  `street` varchar(120) NOT NULL,
  `description` text,
  `language` char(5) NOT NULL,
  PRIMARY KEY (`id`),
  KEY `posted` (`posted`),
  KEY `application_id` (`application_id`)
) ENGINE=MyISAM DEFAULT CHARSET=utf8 COMMENT='contact form submissions' AUTO_INCREMENT=1 ;

-- --------------------------------------------------------

--
-- Table structure for table `country`
--

CREATE TABLE IF NOT EXISTS `country` (
  `id` smallint(5) unsigned NOT NULL DEFAULT '0',
  `name` varchar(50) NOT NULL DEFAULT '',
  `name_de` varchar(50) DEFAULT NULL,
  `code2` char(2) DEFAULT NULL,
  `code3` char(3) DEFAULT NULL,
  `domain` varchar(5) DEFAULT NULL,
  `dial_code` varchar(15) DEFAULT NULL,
  `currency` smallint(5) unsigned DEFAULT NULL,
  `mcc` varchar(4) DEFAULT NULL,
  `def_lang` char(2) NOT NULL DEFAULT 'EN',
  `continent` char(2) DEFAULT NULL,
  PRIMARY KEY (`id`),
  KEY `idx_country1` (`code2`),
  KEY `idx_country2` (`code3`),
  KEY `continent` (`continent`)
) ENGINE=MyISAM DEFAULT CHARSET=utf8;

--
-- Dumping data for table `country`
--

INSERT INTO `country` (`id`, `name`, `name_de`, `code2`, `code3`, `domain`, `dial_code`, `currency`, `mcc`, `def_lang`, `continent`) VALUES
(4, 'Afghanistan', NULL, 'AF', 'AFG', '.af', '93', NULL, NULL, 'EN', 'AS'),
(248, 'Aland Islands', NULL, 'AX', 'ALA', '.ax', NULL, NULL, NULL, 'EN', 'EU'),
(8, 'Albania', NULL, 'AL', 'ALB', '.al', '355', NULL, NULL, 'EN', 'EU'),
(12, 'Algeria', NULL, 'DZ', 'DZA', '.dz', '213', NULL, NULL, 'EN', 'AF'),
(16, 'American Samoa', NULL, 'AS', 'ASM', '.as', '684', NULL, NULL, 'EN', 'OC'),
(20, 'Andorra', NULL, 'AD', 'AND', '.ad', '376', 978, NULL, 'EN', 'EU'),
(24, 'Angola', NULL, 'AO', 'AGO', '.ao', '244', NULL, NULL, 'EN', 'AF'),
(660, 'Anguilla', NULL, 'AI', 'AIA', '.ai', '264', NULL, NULL, 'EN', 'NA'),
(10, 'Antarctica', NULL, 'AQ', 'ATA', '.aq', '672', NULL, NULL, 'EN', 'AN'),
(28, 'Antigua and Barbuda', NULL, 'AG', 'ATG', '.ag', '268', NULL, NULL, 'EN', 'NA'),
(32, 'Argentina', NULL, 'AR', 'ARG', '.ar', '54', NULL, NULL, 'EN', 'SA'),
(51, 'Armenia', NULL, 'AM', 'ARM', '.am', '374', NULL, NULL, 'EN', 'EU'),
(533, 'Aruba', NULL, 'AW', 'ABW', '.aw', '297', NULL, NULL, 'EN', 'NA'),
(36, 'Australia', NULL, 'AU', 'AUS', '.au', '61', NULL, NULL, 'EN', 'OC'),
(40, 'Austria', NULL, 'AT', 'AUT', '.at', '43', 978, NULL, 'DE', 'EU'),
(31, 'Azerbaijan', NULL, 'AZ', 'AZE', '.az', '994', NULL, NULL, 'EN', 'EU'),
(44, 'Bahamas', NULL, 'BS', 'BHS', '.bs', '242', NULL, NULL, 'EN', 'NA'),
(48, 'Bahrain', NULL, 'BH', 'BHR', '.bh', '973', NULL, NULL, 'EN', 'AS'),
(50, 'Bangladesh', NULL, 'BD', 'BGD', '.bd', '880', NULL, NULL, 'EN', 'AS'),
(52, 'Barbados', NULL, 'BB', 'BRB', '.bb', '246', NULL, NULL, 'EN', 'NA'),
(112, 'Belarus', NULL, 'BY', 'BLR', '.by', '375', NULL, NULL, 'EN', 'EU'),
(56, 'Belgium', NULL, 'BE', 'BEL', '.be', '32', 978, NULL, 'EN', 'EU'),
(84, 'Belize', NULL, 'BZ', 'BLZ', '.bz', '501', NULL, NULL, 'EN', 'NA'),
(204, 'Benin', NULL, 'BJ', 'BEN', '.bj', '229', NULL, NULL, 'EN', 'AF'),
(60, 'Bermuda', NULL, 'BM', 'BMU', '.bm', '441', NULL, NULL, 'EN', 'NA'),
(64, 'Bhutan', NULL, 'BT', 'BTN', '.bt', '975', NULL, NULL, 'EN', 'AS'),
(68, 'Bolivia', NULL, 'BO', 'BOL', '.bo', '591', NULL, NULL, 'EN', 'SA'),
(70, 'Bosnia and Herzegovina', NULL, 'BA', 'BIH', '.ba', '387', NULL, NULL, 'EN', 'EU'),
(72, 'Botswana', NULL, 'BW', 'BWA', '.bw', '267', NULL, NULL, 'EN', 'AF'),
(76, 'Brazil', NULL, 'BR', 'BRA', '.br', '55', NULL, NULL, 'EN', 'SA'),
(86, 'British Indian Ocean Territory', NULL, 'IO', 'IOT', '.io', NULL, NULL, NULL, 'EN', 'AS'),
(96, 'Brunei Darussalam', NULL, 'BN', 'BRN', '.bn', NULL, NULL, NULL, 'EN', 'AS'),
(100, 'Bulgaria', NULL, 'BG', 'BGR', '.bg', '359', NULL, NULL, 'EN', 'EU'),
(854, 'Burkina Faso', NULL, 'BF', 'BFA', '.bf', '226', NULL, NULL, 'EN', 'AF'),
(108, 'Burundi', NULL, 'BI', 'BDI', '.bi', '257', NULL, NULL, 'EN', 'AF'),
(116, 'Cambodia', NULL, 'KH', 'KHM', '.kh', '855', NULL, NULL, 'EN', 'AS'),
(120, 'Cameroon', NULL, 'CM', 'CMR', '.cm', '237', NULL, NULL, 'EN', 'AF'),
(124, 'Canada', NULL, 'CA', 'CAN', '.ca', '1', NULL, NULL, 'EN', 'NA'),
(132, 'Cape Verde', NULL, 'CV', 'CPV', '.cv', NULL, NULL, NULL, 'EN', 'AF'),
(136, 'Cayman Islands', NULL, 'KY', 'CYM', '.ky', '345', NULL, NULL, 'EN', 'NA'),
(140, 'Central African Republic', NULL, 'CF', 'CAF', '.cf', '236', NULL, NULL, 'EN', 'AF'),
(148, 'Chad', NULL, 'TD', 'TCD', '.td', '235', NULL, NULL, 'EN', 'AF'),
(152, 'Chile', NULL, 'CL', 'CHL', '.cl', '56', NULL, NULL, 'EN', 'SA'),
(156, 'China', NULL, 'CN', 'CHN', '.cn', '86', NULL, NULL, 'EN', 'AS'),
(162, 'Christmas Island', NULL, 'CX', 'CXR', '.cx', '61', NULL, NULL, 'EN', 'AS'),
(166, 'Cocos Islands', NULL, 'CC', 'CCK', '.cc', '61', NULL, NULL, 'EN', 'AS'),
(170, 'Colombia', NULL, 'CO', 'COL', '.co', '57', NULL, NULL, 'EN', 'SA'),
(174, 'Comoros', NULL, 'KM', 'COM', '.km', '269', NULL, NULL, 'EN', 'AF'),
(178, 'Congo, Republic of', NULL, 'CG', 'COG', '.cg', '', NULL, NULL, 'EN', 'AF'),
(180, 'Congo, Democratic Republic of', NULL, 'CD', 'COD', '.cd', NULL, NULL, NULL, 'EN', 'AF'),
(184, 'Cook Islands', NULL, 'CK', 'COK', '.ck', '682', NULL, NULL, 'EN', 'OC'),
(188, 'Costa Rica', NULL, 'CR', 'CRI', '.cr', '506', NULL, NULL, 'EN', 'NA'),
(384, 'Ivory Coast', NULL, 'CI', 'CIV', '.ci', NULL, NULL, NULL, 'EN', 'AF'),
(191, 'Croatia', NULL, 'HR', 'HRV', '.hr', '385', NULL, NULL, 'EN', 'EU'),
(192, 'Cuba', NULL, 'CU', 'CUB', '.cu', '53', NULL, NULL, 'EN', 'NA'),
(196, 'Cyprus', NULL, 'CY', 'CYP', '.cy', '357', NULL, NULL, 'EN', 'EU'),
(203, 'Czech Republic', NULL, 'CZ', 'CZE', '.cz', '420', NULL, NULL, 'EN', 'EU'),
(208, 'Denmark', NULL, 'DK', 'DNK', '.dk', '45', NULL, NULL, 'EN', 'EU'),
(262, 'Djibouti', NULL, 'DJ', 'DJI', '.dj', '253', NULL, NULL, 'EN', 'AF'),
(212, 'Dominica', NULL, 'DM', 'DMA', '.dm', '767', NULL, NULL, 'EN', 'NA'),
(214, 'Dominican Republic', NULL, 'DO', 'DOM', '.do', '809', NULL, NULL, 'EN', 'NA'),
(218, 'Ecuador', NULL, 'EC', 'ECU', '.ec', '593', NULL, NULL, 'EN', 'SA'),
(818, 'Egypt', NULL, 'EG', 'EGY', '.eg', '20', NULL, NULL, 'EN', 'AF'),
(222, 'El Salvador', NULL, 'SV', 'SLV', '.sv', '503', NULL, NULL, 'EN', 'NA'),
(226, 'Equatorial Guinea', NULL, 'GQ', 'GNQ', '.gq', '240', NULL, NULL, 'EN', 'AF'),
(232, 'Eritrea', NULL, 'ER', 'ERI', '.er', '291', NULL, NULL, 'EN', 'AF'),
(233, 'Estonia', NULL, 'EE', 'EST', '.ee', '372', NULL, NULL, 'EN', 'EU'),
(231, 'Ethiopia', NULL, 'ET', 'ETH', '.et', '251', NULL, NULL, 'EN', 'AF'),
(234, 'Faeroe Islands', NULL, 'FO', 'FRO', '.fo', '298', NULL, NULL, 'EN', 'EU'),
(238, 'Falkland Islands', NULL, 'FK', 'FLK', '.fk', '500', NULL, NULL, 'EN', 'SA'),
(242, 'Fiji', NULL, 'FJ', 'FJI', '.fj', '679', NULL, NULL, 'EN', 'OC'),
(246, 'Finland', NULL, 'FI', 'FIN', '.fi', '358', 978, NULL, 'EN', 'EU'),
(250, 'France', NULL, 'FR', 'FRA', '.fr', '33', 978, NULL, 'FR', 'EU'),
(254, 'French Guiana', NULL, 'GF', 'GUF', '.gf', '594', NULL, NULL, 'EN', 'SA'),
(258, 'French Polynesia', NULL, 'PF', 'PYF', '.pf', '689', NULL, NULL, 'EN', 'OC'),
(260, 'French Southern Territories', NULL, 'TF', 'ATF', '.tf', NULL, NULL, NULL, 'EN', 'AN'),
(266, 'Gabon', NULL, 'GA', 'GAB', '.ga', '241', NULL, NULL, 'EN', 'AF'),
(270, 'Gambia, the', NULL, 'GM', 'GMB', '.gm', '220', NULL, NULL, 'EN', 'AF'),
(268, 'Georgia', NULL, 'GE', 'GEO', '.ge', '995', NULL, NULL, 'EN', 'EU'),
(276, 'Germany', NULL, 'DE', 'DEU', '.de', '49', 978, NULL, 'DE', 'EU'),
(288, 'Ghana', NULL, 'GH', 'GHA', '.gh', '233', NULL, NULL, 'EN', 'AF'),
(292, 'Gibraltar', NULL, 'GI', 'GIB', '.gi', '350', NULL, NULL, 'EN', 'EU'),
(826, 'United Kingdom', NULL, 'GB', 'GBR', '.uk', '44', 826, NULL, 'EN', 'EU'),
(300, 'Greece', NULL, 'GR', 'GRC', '.gr', '30', 978, NULL, 'EN', 'EU'),
(304, 'Greenland', NULL, 'GL', 'GRL', '.gl', '299', NULL, NULL, 'EN', 'NA'),
(308, 'Grenada', NULL, 'GD', 'GRD', '.gd', NULL, NULL, NULL, 'EN', 'NA'),
(312, 'Guadeloupe', NULL, 'GP', 'GLP', '.gp', '590', NULL, NULL, 'EN', 'NA'),
(316, 'Guam', NULL, 'GU', 'GUM', '.gu', '671', NULL, NULL, 'EN', 'OC'),
(320, 'Guatemala', NULL, 'GT', 'GTM', '.gt', '502', NULL, NULL, 'EN', 'NA'),
(324, 'Guinea', NULL, 'GN', 'GIN', '.gn', '224', NULL, NULL, 'EN', 'AF'),
(624, 'Guinea-Bissau', NULL, 'GW', 'GNB', '.gw', '245', NULL, NULL, 'EN', 'AF'),
(328, 'Guyana', NULL, 'GY', 'GUY', '.gy', '592', NULL, NULL, 'EN', 'SA'),
(332, 'Haiti', NULL, 'HT', 'HTI', '.ht', '509', NULL, NULL, 'EN', 'NA'),
(334, 'Heard Island and Mcdonald Islands', NULL, 'HM', 'HMD', '.hm', '', NULL, NULL, 'EN', 'AN'),
(340, 'Honduras', NULL, 'HN', 'HND', '.hn', '504', NULL, NULL, 'EN', 'NA'),
(344, 'Hong Kong', NULL, 'HK', 'HKG', '.hk', '852', NULL, NULL, 'EN', 'AS'),
(348, 'Hungary', NULL, 'HU', 'HUN', '.hu', '36', NULL, NULL, 'EN', 'EU'),
(352, 'Iceland', NULL, 'IS', 'ISL', '.is', '354', NULL, NULL, 'EN', 'EU'),
(356, 'India', NULL, 'IN', 'IND', '.in', '91', NULL, NULL, 'EN', 'AS'),
(360, 'Indonesia', NULL, 'ID', 'IDN', '.id', '62', NULL, NULL, 'EN', 'AS'),
(364, 'Iran', NULL, 'IR', 'IRN', '.ir', '98', NULL, NULL, 'EN', 'AS'),
(368, 'Iraq', NULL, 'IQ', 'IRQ', '.iq', '964', NULL, NULL, 'EN', 'AS'),
(372, 'Ireland', NULL, 'IE', 'IRL', '.ie', '353', 978, NULL, 'EN', 'EU'),
(833, 'Isle of Man', NULL, 'IM', 'IMN', '.im', NULL, NULL, NULL, 'EN', 'EU'),
(376, 'Israel', NULL, 'IL', 'ISR', '.il', '972', NULL, NULL, 'EN', 'AS'),
(380, 'Italy', NULL, 'IT', 'ITA', '.it', '39', 978, NULL, 'EN', 'EU'),
(388, 'Jamaica', NULL, 'JM', 'JAM', '.jm', '876', NULL, NULL, 'EN', 'NA'),
(392, 'Japan', NULL, 'JP', 'JPN', '.jp', '81', NULL, NULL, 'EN', 'AS'),
(400, 'Jordan', NULL, 'JO', 'JOR', '.jo', '962', NULL, NULL, 'EN', 'AS'),
(398, 'Kazakhstan', NULL, 'KZ', 'KAZ', '.kz', '7', NULL, NULL, 'EN', 'EU'),
(404, 'Kenya', NULL, 'KE', 'KEN', '.ke', '254', NULL, NULL, 'EN', 'AF'),
(296, 'Kiribati', NULL, 'KI', 'KIR', '.ki', '686', NULL, NULL, 'EN', 'OC'),
(408, 'Korea, Dem. Peoples Republic of', NULL, 'KP', 'PRK', '.kp', NULL, NULL, NULL, 'EN', 'AS'),
(410, 'Korea, Republic of', NULL, 'KR', 'KOR', '.kr', NULL, NULL, NULL, 'EN', 'AS'),
(414, 'Kuwait', NULL, 'KW', 'KWT', '.kw', '965', NULL, NULL, 'EN', 'AS'),
(417, 'Kyrgyzstan', NULL, 'KG', 'KGZ', '.kg', '996', NULL, NULL, 'EN', 'AS'),
(418, 'Lao Peoples Dem. Republic', NULL, 'LA', 'LAO', '.la', '856', NULL, NULL, 'EN', 'AS'),
(428, 'Latvia', NULL, 'LV', 'LVA', '.lv', '371', NULL, NULL, 'EN', 'EU'),
(422, 'Lebanon', NULL, 'LB', 'LBN', '.lb', '961', NULL, NULL, 'EN', 'AS'),
(426, 'Lesotho', NULL, 'LS', 'LSO', '.ls', '266', NULL, NULL, 'EN', 'AF'),
(430, 'Liberia', NULL, 'LR', 'LBR', '.lr', '231', NULL, NULL, 'EN', 'AF'),
(434, 'Libya', NULL, 'LY', 'LBY', '.ly', '218', NULL, NULL, 'EN', 'AF'),
(438, 'Liechtenstein', NULL, 'LI', 'LIE', '.li', '423', NULL, NULL, 'EN', 'EU'),
(440, 'Lithuania', NULL, 'LT', 'LTU', '.lt', '370', NULL, NULL, 'EN', 'EU'),
(442, 'Luxembourg', NULL, 'LU', 'LUX', '.lu', '352', 978, NULL, 'EN', 'EU'),
(446, 'Macao', NULL, 'MO', 'MAC', '.mo', '853', NULL, NULL, 'EN', 'AS'),
(807, 'Macedonia, Former Yug. Republic of', NULL, 'MK', 'MKD', '.mk', '389', NULL, NULL, 'EN', 'EU'),
(450, 'Madagascar', NULL, 'MG', 'MDG', '.mg', '261', NULL, NULL, 'EN', 'AF'),
(454, 'Malawi', NULL, 'MW', 'MWI', '.mw', '265', NULL, NULL, 'EN', 'AF'),
(458, 'Malaysia', NULL, 'MY', 'MYS', '.my', '60', NULL, NULL, 'EN', 'AS'),
(462, 'Maldives', NULL, 'MV', 'MDV', '.mv', '960', NULL, NULL, 'EN', 'AS'),
(466, 'Mali', NULL, 'ML', 'MLI', '.ml', '223', NULL, NULL, 'EN', 'AF'),
(470, 'Malta', NULL, 'MT', 'MLT', '.mt', '356', NULL, NULL, 'EN', 'EU'),
(584, 'Marshall Islands', NULL, 'MH', 'MHL', '.mh', '', NULL, NULL, 'EN', 'OC'),
(474, 'Martinique', NULL, 'MQ', 'MTQ', '.mq', '596', NULL, NULL, 'EN', 'NA'),
(478, 'Mauritania', NULL, 'MR', 'MRT', '.mr', '222', NULL, NULL, 'EN', 'AF'),
(480, 'Mauritius', NULL, 'MU', 'MUS', '.mu', '230', NULL, NULL, 'EN', 'AF'),
(175, 'Mayotte', NULL, 'YT', 'MYT', '.yt', '269', NULL, NULL, 'EN', 'AF'),
(484, 'Mexico', NULL, 'MX', 'MEX', '.mx', '52', NULL, NULL, 'EN', 'NA'),
(583, 'Micronesia', NULL, 'FM', 'FSM', '.fm', '691', NULL, NULL, 'EN', 'OC'),
(498, 'Moldova', NULL, 'MD', 'MDA', '.md', '373', NULL, NULL, 'EN', 'EU'),
(492, 'Monaco', NULL, 'MC', 'MCO', '.mc', '377', 978, NULL, 'EN', 'EU'),
(496, 'Mongolia', NULL, 'MN', 'MNG', '.mn', '377', NULL, NULL, 'EN', 'AS'),
(500, 'Montserrat', NULL, 'MS', 'MSR', '.ms', '664', NULL, NULL, 'EN', 'NA'),
(504, 'Morocco', NULL, 'MA', 'MAR', '.ma', '212', NULL, NULL, 'EN', 'AF'),
(508, 'Mozambique', NULL, 'MZ', 'MOZ', '.mz', '258', NULL, NULL, 'EN', 'AF'),
(104, 'Myanmar', NULL, 'MM', 'MMR', '.mm', '95', NULL, NULL, 'EN', 'AS'),
(516, 'Namibia', NULL, 'NA', 'NAM', '.na', '264', NULL, NULL, 'EN', 'AF'),
(520, 'Nauru', NULL, 'NR', 'NRU', '.nr', '674', NULL, NULL, 'EN', 'OC'),
(524, 'Nepal', NULL, 'NP', 'NPL', '.np', '977', NULL, NULL, 'EN', 'AS'),
(528, 'Netherlands', NULL, 'NL', 'NLD', '.nl', '31', 978, NULL, 'EN', 'EU'),
(530, 'Netherlands Antilles', NULL, 'AN', 'ANT', '.an', '599', NULL, NULL, 'EN', 'NA'),
(540, 'New Caledonia', NULL, 'NC', 'NCL', '.nc', '687', NULL, NULL, 'EN', 'OC'),
(554, 'New Zealand', NULL, 'NZ', 'NZL', '.nz', '64', NULL, NULL, 'EN', 'OC'),
(558, 'Nicaragua', NULL, 'NI', 'NIC', '.ni', '505', NULL, NULL, 'EN', 'NA'),
(562, 'Niger', NULL, 'NE', 'NER', '.ne', '', NULL, NULL, 'EN', 'AF'),
(566, 'Nigeria', NULL, 'NG', 'NGA', '.ng', '234', NULL, NULL, 'EN', 'AF'),
(570, 'Niue', NULL, 'NU', 'NIU', '.nu', '683', NULL, NULL, 'EN', 'OC'),
(574, 'Norfolk Island', NULL, 'NF', 'NFK', '.nf', '672', NULL, NULL, 'EN', 'OC'),
(580, 'Northern Mariana Islands', NULL, 'MP', 'MNP', '.mp', '', NULL, NULL, 'EN', 'OC'),
(578, 'Norway', NULL, 'NO', 'NOR', '.no', '47', NULL, NULL, 'EN', 'EU'),
(512, 'Oman', NULL, 'OM', 'OMN', '.om', '968', NULL, NULL, 'EN', 'AS'),
(586, 'Pakistan', NULL, 'PK', 'PAK', '.pk', '92', NULL, NULL, 'EN', 'AS'),
(585, 'Palau', NULL, 'PW', 'PLW', '.pw', '680', NULL, NULL, 'EN', 'OC'),
(275, 'Palestinian Territories', NULL, 'PS', 'PSE', '.ps', NULL, NULL, NULL, 'EN', 'AS'),
(591, 'Panama', NULL, 'PA', 'PAN', '.pa', '507', NULL, NULL, 'EN', 'NA'),
(598, 'Papua New Guinea', NULL, 'PG', 'PNG', '.pg', '675', NULL, NULL, 'EN', 'OC'),
(600, 'Paraguay', NULL, 'PY', 'PRY', '.py', '595', NULL, NULL, 'EN', 'SA'),
(604, 'Peru', NULL, 'PE', 'PER', '.pe', '51', NULL, NULL, 'EN', 'SA'),
(608, 'Philippines', NULL, 'PH', 'PHL', '.ph', '63', NULL, NULL, 'EN', 'AS'),
(612, 'Pitcairn', NULL, 'PN', 'PCN', '.pn', NULL, NULL, NULL, 'EN', 'OC'),
(616, 'Poland', NULL, 'PL', 'POL', '.pl', '48', NULL, NULL, 'EN', 'EU'),
(620, 'Portugal', NULL, 'PT', 'PRT', '.pt', '351', 978, NULL, 'EN', 'EU'),
(630, 'Puerto Rico', NULL, 'PR', 'PRI', '.pr', '787', NULL, NULL, 'EN', 'NA'),
(634, 'Qatar', NULL, 'QA', 'QAT', '.qa', '974', NULL, NULL, 'EN', 'AS'),
(638, 'Réunion', NULL, 'RE', 'REU', '.re', '262', NULL, NULL, 'EN', 'AF'),
(642, 'Romania', NULL, 'RO', 'ROU', '.ro', '40', NULL, NULL, 'EN', 'EU'),
(643, 'Russian Federation', NULL, 'RU', 'RUS', '.ru', '7', NULL, NULL, 'EN', 'EU'),
(646, 'Rwanda', NULL, 'RW', 'RWA', '.rw', '250', NULL, NULL, 'EN', 'AF'),
(654, 'Saint Helena', NULL, 'SH', 'SHN', '.sh', NULL, NULL, NULL, 'EN', 'AF'),
(659, 'Saint Kitts and Nevis', NULL, 'KN', 'KNA', '.kn', '', NULL, NULL, 'EN', 'NA'),
(662, 'Saint Lucia', NULL, 'LC', 'LCA', '.lc', NULL, NULL, NULL, 'EN', 'NA'),
(666, 'Saint Pierre and Miquelon', NULL, 'PM', 'SPM', '.pm', NULL, NULL, NULL, 'EN', 'NA'),
(670, 'Saint Vincent and the Grenadines', NULL, 'VC', 'VCT', '.vc', NULL, NULL, NULL, 'EN', 'NA'),
(882, 'Samoa', NULL, 'WS', 'WSM', '.ws', NULL, NULL, NULL, 'EN', 'OC'),
(674, 'San marino', NULL, 'SM', 'SMR', '.sm', '378', 978, NULL, 'EN', 'EU'),
(678, 'Sao Tome and Principe', NULL, 'ST', 'STP', '.st', '239', NULL, NULL, 'EN', 'AF'),
(682, 'Saudi Arabia', NULL, 'SA', 'SAU', '.sa', '966', NULL, NULL, 'EN', 'AS'),
(686, 'Senegal', NULL, 'SN', 'SEN', '.sn', '221', NULL, NULL, 'EN', 'AF'),
(688, 'Serbia', NULL, 'RS', 'SRB', '.rs', '381', 941, NULL, 'EN', 'EU'),
(690, 'Seychelles', NULL, 'SC', 'SYC', '.sc', '248', NULL, NULL, 'EN', 'AF'),
(694, 'Sierra Leone', NULL, 'SL', 'SLE', '.sl', '232', NULL, NULL, 'EN', 'AF'),
(702, 'Singapore', NULL, 'SG', 'SGP', '.sg', '65', NULL, NULL, 'EN', 'AS'),
(703, 'Slovakia', NULL, 'SK', 'SVK', '.sk', '421', NULL, NULL, 'EN', 'EU'),
(705, 'Slovenia', NULL, 'SI', 'SVN', '.si', '386', 978, NULL, 'EN', 'EU'),
(90, 'Solomon Islands', NULL, 'SB', 'SLB', '.sb', '677', NULL, NULL, 'EN', 'OC'),
(706, 'Somalia', NULL, 'SO', 'SOM', '.so', '252', NULL, NULL, 'EN', 'AF'),
(710, 'South Africa', NULL, 'ZA', 'ZAF', '.za', '27', NULL, NULL, 'EN', 'AF'),
(239, 'South Georgia', NULL, 'GS', 'SGS', '.gs', NULL, NULL, NULL, 'EN', 'AN'),
(724, 'Spain', NULL, 'ES', 'ESP', '.es', '34', 978, NULL, 'EN', 'EU'),
(144, 'Sri Lanka', NULL, 'LK', 'LKA', '.lk', '94', NULL, NULL, 'EN', 'AS'),
(736, 'Sudan', NULL, 'SD', 'SDN', '.sd', '249', NULL, NULL, 'EN', 'AF'),
(740, 'Suriname', NULL, 'SR', 'SUR', '.sr', '597', NULL, NULL, 'EN', 'SA'),
(744, 'Svalbard and Jan Mayen', NULL, 'SJ', 'SJM', '.sj', NULL, NULL, NULL, 'EN', 'EU'),
(748, 'Swaziland', NULL, 'SZ', 'SWZ', '.sz', NULL, NULL, NULL, 'EN', 'AF'),
(752, 'Sweden', NULL, 'SE', 'SWE', '.se', '46', NULL, NULL, 'EN', 'EU'),
(756, 'Switzerland', NULL, 'CH', 'CHE', '.ch', '41', 756, NULL, 'DE', 'EU'),
(760, 'Syrian Arab Republic', NULL, 'SY', 'SYR', '.sy', NULL, NULL, NULL, 'EN', 'AS'),
(158, 'Taiwan', NULL, 'TW', 'TWN', '.tw', '886', NULL, NULL, 'EN', 'AS'),
(762, 'Tajikistan', NULL, 'TJ', 'TJK', '.tj', '992', NULL, NULL, 'EN', 'AS'),
(834, 'Tanzania', NULL, 'TZ', 'TZA', '.tz', '255', NULL, NULL, 'EN', 'AF'),
(764, 'Thailand', NULL, 'TH', 'THA', '.th', '66', NULL, NULL, 'EN', 'AS'),
(626, 'Timor-Leste', NULL, 'TL', 'TLS', '.tp', NULL, NULL, NULL, 'EN', 'AS'),
(768, 'Togo', NULL, 'TG', 'TGO', '.tg', '228', NULL, NULL, 'EN', 'AF'),
(772, 'Tokelau', NULL, 'TK', 'TKL', '.tk', '690', NULL, NULL, 'EN', 'OC'),
(776, 'Tonga', NULL, 'TO', 'TON', '.to', '676', NULL, NULL, 'EN', 'OC'),
(780, 'Trinidad and Tobago', NULL, 'TT', 'TTO', '.tt', '868', NULL, NULL, 'EN', 'NA'),
(788, 'Tunisia', NULL, 'TN', 'TUN', '.tn', '216', NULL, NULL, 'EN', 'AF'),
(792, 'Turkey', NULL, 'TR', 'TUR', '.tr', '90', NULL, NULL, 'EN', 'EU'),
(795, 'Turkmenistan', NULL, 'TM', 'TKM', '.tm', '993', NULL, NULL, 'EN', 'AS'),
(796, 'Turks and Caicos Islands', NULL, 'TC', 'TCA', '.tc', '649', NULL, NULL, 'EN', 'NA'),
(798, 'Tuvalu', NULL, 'TV', 'TUV', '.tv', '688', NULL, NULL, 'EN', 'OC'),
(800, 'Uganda', NULL, 'UG', 'UGA', '.ug', '256', NULL, NULL, 'EN', 'AF'),
(804, 'Ukraine', NULL, 'UA', 'UKR', '.ua', '380', NULL, NULL, 'EN', 'EU'),
(784, 'United Arab Emirates', NULL, 'AE', 'ARE', '.ae', '380', NULL, NULL, 'EN', 'AS'),
(840, 'United States', NULL, 'US', 'USA', '.us', '1', 840, NULL, 'EN', 'NA'),
(581, 'United States Minor Outlying Islands', NULL, 'UM', 'UMI', '.um', NULL, NULL, NULL, 'EN', 'OC'),
(858, 'Uruguay', NULL, 'UY', 'URY', '.uy', '598', NULL, NULL, 'EN', 'SA'),
(860, 'Uzbekistan', NULL, 'UZ', 'UZB', '.uz', '998', NULL, NULL, 'EN', 'AS'),
(548, 'Vanuatu', NULL, 'VU', 'VUT', '.vu', '678', NULL, NULL, 'EN', 'OC'),
(336, 'Vatican City', NULL, 'VA', 'VAT', '.va', '39', 978, NULL, 'EN', 'EU'),
(862, 'Venezuela', NULL, 'VE', 'VEN', '.ve', '58', NULL, NULL, 'EN', 'SA'),
(704, 'Viet Nam', NULL, 'VN', 'VNM', '.vn', '84', NULL, NULL, 'EN', 'AS'),
(92, 'Virgin Islands, British', NULL, 'VG', 'VGB', '.vg', NULL, NULL, NULL, 'EN', 'NA'),
(850, 'Virgin Islands, US', NULL, 'VI', 'VIR', '.vi', NULL, NULL, NULL, 'EN', 'NA'),
(876, 'Wallis and Futuna', NULL, 'WF', 'WLF', '.wf', '681', NULL, NULL, 'EN', 'OC'),
(732, 'Western Sahara', NULL, 'EH', 'ESH', '.eh', '685', NULL, NULL, 'EN', 'AF'),
(887, 'Yemen', NULL, 'YE', 'YEM', '.ye', '967', NULL, NULL, 'EN', 'AS'),
(894, 'Zambia', NULL, 'ZM', 'ZMB', '.zm', '260', NULL, NULL, 'EN', 'AF'),
(716, 'Zimbabwe', NULL, 'ZW', 'ZWE', '.zw', '263', NULL, NULL, 'EN', 'AF'),
(1000, 'Other Country', NULL, NULL, NULL, NULL, NULL, NULL, NULL, 'EN', NULL),
(499, 'Montenegro', NULL, 'ME', 'MNE', '.me', '382', 978, NULL, 'EN', 'EU');

-- --------------------------------------------------------

--
-- Table structure for table `country_geoip`
--

CREATE TABLE IF NOT EXISTS `country_geoip` (
  `min_ip` char(15) NOT NULL,
  `max_ip` char(15) NOT NULL,
  `min_long` int(10) unsigned NOT NULL,
  `max_long` int(10) unsigned NOT NULL,
  `country_code2` char(2) NOT NULL,
  `country_name` varchar(20) NOT NULL,
  KEY `range` (`min_long`,`max_long`)
) ENGINE=MyISAM DEFAULT CHARSET=utf8 COMMENT='country geo ip ranges';

-- --------------------------------------------------------

--
-- Table structure for table `country_translate`
--

CREATE TABLE IF NOT EXISTS `country_translate` (
  `id` int(10) unsigned NOT NULL AUTO_INCREMENT,
  `code2` char(2) NOT NULL,
  `language` varchar(5) NOT NULL,
  `value` varchar(255) NOT NULL,
  PRIMARY KEY (`id`),
  UNIQUE KEY `code2` (`code2`,`language`)
) ENGINE=MyISAM  DEFAULT CHARSET=utf8 COMMENT='country translations' AUTO_INCREMENT=949 ;

--
-- Dumping data for table `country_translate`
--

INSERT INTO `country_translate` (`id`, `code2`, `language`, `value`) VALUES
(1, 'AD', 'en', 'Andorra'),
(2, 'AD', 'de', 'Andorra'),
(3, 'AD', 'it', 'Andorra'),
(4, 'AE', 'en', 'United Arab Emirates'),
(5, 'AE', 'de', 'Vereinigte Arabische Emirate'),
(6, 'AE', 'it', 'Emirati arabi uniti'),
(7, 'AF', 'en', 'Afghanistan'),
(8, 'AF', 'de', 'Afghanistan'),
(9, 'AF', 'it', 'Afghanistan'),
(10, 'AG', 'en', 'Antigua and Barbuda'),
(11, 'AG', 'de', 'Antigua und Barbuda'),
(12, 'AG', 'it', 'Antigua e Barbuda'),
(13, 'AI', 'en', 'Anguilla'),
(14, 'AI', 'de', 'Anguilla'),
(15, 'AI', 'it', 'Anguilla'),
(16, 'AL', 'en', 'Albania'),
(17, 'AL', 'de', 'Albanien'),
(18, 'AL', 'it', 'Albania'),
(19, 'AM', 'en', 'Armenia'),
(20, 'AM', 'de', 'Armenien'),
(21, 'AM', 'it', 'Armenia'),
(22, 'AN', 'en', 'Netherlands Antilles'),
(23, 'AN', 'de', 'Niederländische Antillen'),
(24, 'AN', 'it', 'Antille olandesi'),
(25, 'AO', 'en', 'Angola'),
(26, 'AO', 'de', 'Angola'),
(27, 'AO', 'it', 'Angola'),
(28, 'AQ', 'en', 'Antarctica'),
(29, 'AQ', 'de', 'Antarktis'),
(30, 'AQ', 'it', 'Antartide'),
(31, 'AR', 'en', 'Argentina'),
(32, 'AR', 'de', 'Argentinien'),
(33, 'AR', 'it', 'Argentina'),
(34, 'AS', 'en', 'American Samoa'),
(35, 'AS', 'de', 'Amerikanisch-Samoa'),
(36, 'AS', 'it', 'Samoa americane'),
(37, 'AT', 'en', 'Austria'),
(38, 'AT', 'de', 'Österreich'),
(39, 'AT', 'it', 'Austria'),
(40, 'AU', 'en', 'Australia'),
(41, 'AU', 'de', 'Australien'),
(42, 'AU', 'it', 'Australia'),
(43, 'AW', 'en', 'Aruba'),
(44, 'AW', 'de', 'Aruba'),
(45, 'AW', 'it', 'Aruba'),
(46, 'AZ', 'en', 'Azerbaijan'),
(47, 'AZ', 'de', 'Aserbaidschan'),
(48, 'AZ', 'it', 'Azerbaigian'),
(49, 'BA', 'en', 'Bosnia and Herzegovina'),
(50, 'BA', 'de', 'Bosnien und Herzegowina'),
(51, 'BA', 'it', 'Bosnia-Erzegovina'),
(52, 'BB', 'en', 'Barbados'),
(53, 'BB', 'de', 'Barbados'),
(54, 'BB', 'it', 'Barbados'),
(55, 'BD', 'en', 'Bangladesh'),
(56, 'BD', 'de', 'Bangladesch'),
(57, 'BD', 'it', 'Bangladesh'),
(58, 'BE', 'en', 'Belgium'),
(59, 'BE', 'de', 'Belgien'),
(60, 'BE', 'it', 'Belgio'),
(61, 'BF', 'en', 'Burkina Faso'),
(62, 'BF', 'de', 'Burkina Faso'),
(63, 'BF', 'it', 'Burkina-Faso'),
(64, 'BG', 'en', 'Bulgaria'),
(65, 'BG', 'de', 'Bulgarien'),
(66, 'BG', 'it', 'Bulgaria'),
(67, 'BH', 'en', 'Bahrain'),
(68, 'BH', 'de', 'Bahrain'),
(69, 'BH', 'it', 'Bahrein'),
(70, 'BI', 'en', 'Burundi'),
(71, 'BI', 'de', 'Burundi'),
(72, 'BI', 'it', 'Burundi'),
(73, 'BJ', 'en', 'Benin'),
(74, 'BJ', 'de', 'Benin'),
(75, 'BJ', 'it', 'Benin'),
(76, 'BM', 'en', 'Bermuda'),
(77, 'BM', 'de', 'Bermuda'),
(78, 'BM', 'it', 'Bermuda'),
(79, 'BN', 'en', 'Brunei Darussalam'),
(80, 'BN', 'de', 'Brunei Darussalam'),
(81, 'BN', 'it', 'Brunei Darussalam'),
(82, 'BO', 'en', 'Bolivia'),
(83, 'BO', 'de', 'Bolivien'),
(84, 'BO', 'it', 'Bolivia'),
(85, 'BR', 'en', 'Brazil'),
(86, 'BR', 'de', 'Brasilien'),
(87, 'BR', 'it', 'Brasile'),
(88, 'BS', 'en', 'Bahamas'),
(89, 'BS', 'de', 'Bahamas'),
(90, 'BS', 'it', 'Bahamas'),
(91, 'BT', 'en', 'Bhutan'),
(92, 'BT', 'de', 'Bhutan'),
(93, 'BT', 'it', 'Bhutan'),
(94, 'BW', 'en', 'Botswana'),
(95, 'BW', 'de', 'Botsuana'),
(96, 'BW', 'it', 'Botswana'),
(97, 'BY', 'en', 'Belarus'),
(98, 'BY', 'de', 'Weißrussland'),
(99, 'BY', 'it', 'Bielorussia'),
(100, 'BZ', 'en', 'Belize'),
(101, 'BZ', 'de', 'Belize'),
(102, 'BZ', 'it', 'Belize'),
(103, 'CA', 'en', 'Canada'),
(104, 'CA', 'de', 'Kanada'),
(105, 'CA', 'it', 'Canada'),
(106, 'CC', 'en', 'Cocos (Keeling) Islands'),
(107, 'CC', 'de', 'Kokosinseln (Keelinginseln)'),
(108, 'CC', 'it', 'Isole Cocos (Keeling)'),
(109, 'CD', 'en', 'Congo, Democratic Republic of the'),
(110, 'CD', 'de', 'Demokratische Republik Kongo'),
(111, 'CD', 'it', 'Repubblica democratica del Congo'),
(112, 'CF', 'en', 'Central African Republic'),
(113, 'CF', 'de', 'Zentralafrikanische Republik'),
(114, 'CF', 'it', 'Repubblica centrafricana'),
(115, 'CG', 'en', 'Congo, Republic of the'),
(116, 'CG', 'de', 'Kongo (Republik Kongo)'),
(117, 'CG', 'it', 'Repubblica del Congo'),
(118, 'CH', 'en', 'Switzerland'),
(119, 'CH', 'de', 'Schweiz'),
(120, 'CH', 'it', 'Svizzera'),
(121, 'CI', 'en', 'Côte d''Ivoire'),
(122, 'CI', 'de', 'Côte d''Ivoire'),
(123, 'CI', 'it', 'Costa d''Avorio'),
(124, 'CK', 'en', 'Cook Islands'),
(125, 'CK', 'de', 'Cookinseln'),
(126, 'CK', 'it', 'Isole Cook'),
(127, 'CL', 'en', 'Chile'),
(128, 'CL', 'de', 'Chile'),
(129, 'CL', 'it', 'Cile'),
(130, 'CM', 'en', 'Cameroon'),
(131, 'CM', 'de', 'Kamerun'),
(132, 'CM', 'it', 'Camerun'),
(133, 'CN', 'en', 'China'),
(134, 'CN', 'de', 'China'),
(135, 'CN', 'it', 'Cina'),
(136, 'CO', 'en', 'Colombia'),
(137, 'CO', 'de', 'Kolumbien'),
(138, 'CO', 'it', 'Colombia'),
(139, 'CR', 'en', 'Costa Rica'),
(140, 'CR', 'de', 'Costa Rica'),
(141, 'CR', 'it', 'Costa Rica'),
(142, 'CU', 'en', 'Cuba'),
(143, 'CU', 'de', 'Kuba'),
(144, 'CU', 'it', 'Cuba'),
(145, 'CV', 'en', 'Cape Verde'),
(146, 'CV', 'de', 'Kap Verde'),
(147, 'CV', 'it', 'Capo Verde'),
(148, 'CX', 'en', 'Christmas Island'),
(149, 'CX', 'de', 'Weihnachtsinsel'),
(150, 'CX', 'it', 'Isole Christmas'),
(151, 'CY', 'en', 'Cyprus'),
(152, 'CY', 'de', 'Zypern'),
(153, 'CY', 'it', 'Cipro'),
(154, 'CZ', 'en', 'Czech Republic'),
(155, 'CZ', 'de', 'Tschechische Republik'),
(156, 'CZ', 'it', 'Repubblica ceca'),
(157, 'DE', 'en', 'Germany'),
(158, 'DE', 'de', 'Deutschland'),
(159, 'DE', 'it', 'Germania'),
(160, 'DJ', 'en', 'Djibouti'),
(161, 'DJ', 'de', 'Dschibuti'),
(162, 'DJ', 'it', 'Gibuti'),
(163, 'DK', 'en', 'Denmark'),
(164, 'DK', 'de', 'Dänemark'),
(165, 'DK', 'it', 'Danimarca'),
(166, 'DM', 'en', 'Dominica'),
(167, 'DM', 'de', 'Dominica'),
(168, 'DM', 'it', 'Dominica'),
(169, 'DO', 'en', 'Dominican Republic'),
(170, 'DO', 'de', 'Dominikanische Republik'),
(171, 'DO', 'it', 'Repubblica dominicana'),
(172, 'DZ', 'en', 'Algeria'),
(173, 'DZ', 'de', 'Algerien'),
(174, 'DZ', 'it', 'Algeria'),
(175, 'EC', 'en', 'Ecuador'),
(176, 'EC', 'de', 'Ecuador'),
(177, 'EC', 'it', 'Ecuador'),
(178, 'EE', 'en', 'Estonia'),
(179, 'EE', 'de', 'Estland'),
(180, 'EE', 'it', 'Estonia'),
(181, 'EG', 'en', 'Egypt'),
(182, 'EG', 'de', 'Ägypten'),
(183, 'EG', 'it', 'Egitto'),
(184, 'EH', 'en', 'Western Sahara'),
(185, 'EH', 'de', 'Westsahara'),
(186, 'EH', 'it', 'Sahara occidentale'),
(187, 'ER', 'en', 'Eritrea'),
(188, 'ER', 'de', 'Eritrea'),
(189, 'ER', 'it', 'Eritrea'),
(190, 'ES', 'en', 'Spain'),
(191, 'ES', 'de', 'Spanien'),
(192, 'ES', 'it', 'Spagna'),
(193, 'ET', 'en', 'Ethiopia'),
(194, 'ET', 'de', 'Äthiopien'),
(195, 'ET', 'it', 'Etiopia'),
(196, 'FI', 'en', 'Finland'),
(197, 'FI', 'de', 'Finnland'),
(198, 'FI', 'it', 'Finlandia'),
(199, 'FJ', 'en', 'Fiji'),
(200, 'FJ', 'de', 'Fidschi'),
(201, 'FJ', 'it', 'Figi'),
(202, 'FK', 'en', 'Falkland Islands (Malvinas)'),
(203, 'FK', 'de', 'Falklandinseln (Malwinen)'),
(204, 'FK', 'it', 'Isole Falkland (Malvinas)'),
(205, 'FM', 'en', 'Micronesia, Federated States of'),
(206, 'FM', 'de', 'Föderierte Staaten von Mikronesien'),
(207, 'FM', 'it', 'Stati federati di Micronesia'),
(208, 'FO', 'en', 'Faroe Islands'),
(209, 'FO', 'de', 'Färöer'),
(210, 'FO', 'it', 'Isole Faroe'),
(211, 'FR', 'en', 'France'),
(212, 'FR', 'de', 'Frankreich'),
(213, 'FR', 'it', 'Francia'),
(214, 'GA', 'en', 'Gabon'),
(215, 'GA', 'de', 'Gabun'),
(216, 'GA', 'it', 'Gabon'),
(217, 'GD', 'en', 'Grenada'),
(218, 'GD', 'de', 'Grenada'),
(219, 'GD', 'it', 'Grenada'),
(220, 'GE', 'en', 'Georgia'),
(221, 'GE', 'de', 'Georgien'),
(222, 'GE', 'it', 'Georgia'),
(223, 'GF', 'en', 'French Guiana'),
(224, 'GF', 'de', 'Französisch-Guayana'),
(225, 'GF', 'it', 'Guyana francese'),
(226, 'GH', 'en', 'Ghana'),
(227, 'GH', 'de', 'Ghana'),
(228, 'GH', 'it', 'Ghana'),
(229, 'GI', 'en', 'Gibraltar'),
(230, 'GI', 'de', 'Gibraltar'),
(231, 'GI', 'it', 'Gibilterra'),
(232, 'GL', 'en', 'Greenland'),
(233, 'GL', 'de', 'Grönland'),
(234, 'GL', 'it', 'Groenlandia'),
(235, 'GM', 'en', 'Gambia'),
(236, 'GM', 'de', 'Gambia'),
(237, 'GM', 'it', 'Gambia'),
(238, 'GN', 'en', 'Guinea'),
(239, 'GN', 'de', 'Guinea'),
(240, 'GN', 'it', 'Guinea'),
(241, 'GP', 'en', 'Guadeloupe'),
(242, 'GP', 'de', 'Guadeloupe'),
(243, 'GP', 'it', 'Guadalupa'),
(244, 'GQ', 'en', 'Equatorial Guinea'),
(245, 'GQ', 'de', 'Äquatorialguinea'),
(246, 'GQ', 'it', 'Guinea equatoriale'),
(247, 'GR', 'en', 'Greece'),
(248, 'GR', 'de', 'Griechenland'),
(249, 'GR', 'it', 'Grecia'),
(250, 'GS', 'en', 'South Georgia and The South Sandwich Islands'),
(251, 'GS', 'de', 'Südgeorgien und Südliche Sandwichinseln'),
(252, 'GS', 'it', 'Isole Georgia del Sud e Sandwich del Sud'),
(253, 'GT', 'en', 'Guatemala'),
(254, 'GT', 'de', 'Guatemala'),
(255, 'GT', 'it', 'Guatemala'),
(256, 'GU', 'en', 'Guam'),
(257, 'GU', 'de', 'Guam'),
(258, 'GU', 'it', 'Guam'),
(259, 'GW', 'en', 'Guinea-Bissau'),
(260, 'GW', 'de', 'Guinea-Bissau'),
(261, 'GW', 'it', 'Guinea Bissau'),
(262, 'GY', 'en', 'Guyana'),
(263, 'GY', 'de', 'Guyana'),
(264, 'GY', 'it', 'Guyana'),
(265, 'HK', 'en', 'Hong Kong'),
(266, 'HK', 'de', 'Hongkong'),
(267, 'HK', 'it', 'Hong Kong'),
(268, 'HM', 'en', 'Heard Island and McDonald Islands'),
(269, 'HM', 'de', 'Heard und McDonaldinseln'),
(270, 'HM', 'it', 'Isole Heard e McDonald'),
(271, 'HN', 'en', 'Honduras'),
(272, 'HN', 'de', 'Honduras'),
(273, 'HN', 'it', 'Honduras'),
(274, 'HR', 'en', 'Croatia'),
(275, 'HR', 'de', 'Kroatien'),
(276, 'HR', 'it', 'Croazia'),
(277, 'HT', 'en', 'Haiti'),
(278, 'HT', 'de', 'Haiti'),
(279, 'HT', 'it', 'Haiti'),
(280, 'HU', 'en', 'Hungary'),
(281, 'HU', 'de', 'Ungarn'),
(282, 'HU', 'it', 'Ungheria'),
(283, 'ID', 'en', 'Indonesia'),
(284, 'ID', 'de', 'Indonesien'),
(285, 'ID', 'it', 'Indonesia'),
(286, 'IE', 'en', 'Ireland'),
(287, 'IE', 'de', 'Irland'),
(288, 'IE', 'it', 'Irlanda'),
(289, 'IL', 'en', 'Israel'),
(290, 'IL', 'de', 'Israel'),
(291, 'IL', 'it', 'Israele'),
(292, 'IN', 'en', 'India'),
(293, 'IN', 'de', 'Indien'),
(294, 'IN', 'it', 'India'),
(295, 'IO', 'en', 'British Indian Ocean Territory'),
(296, 'IO', 'de', 'Britisches Territorium im Indischen Ozean'),
(297, 'IO', 'it', 'Territorio britannico dell''Oceano Indiano'),
(298, 'IQ', 'en', 'Iraq'),
(299, 'IQ', 'de', 'Irak'),
(300, 'IQ', 'it', 'Iraq'),
(301, 'IR', 'en', 'Iran, Islamic Republic of'),
(302, 'IR', 'de', 'Islamische Republik Iran'),
(303, 'IR', 'it', 'Repubblica islamica dell''Iran'),
(304, 'IS', 'en', 'Iceland'),
(305, 'IS', 'de', 'Island'),
(306, 'IS', 'it', 'Islanda'),
(307, 'IT', 'en', 'Italy'),
(308, 'IT', 'de', 'Italien'),
(309, 'IT', 'it', 'Italia'),
(310, 'JM', 'en', 'Jamaica'),
(311, 'JM', 'de', 'Jamaika'),
(312, 'JM', 'it', 'Giamaica'),
(313, 'JO', 'en', 'Jordan'),
(314, 'JO', 'de', 'Jordanien'),
(315, 'JO', 'it', 'Giordania'),
(316, 'JP', 'en', 'Japan'),
(317, 'JP', 'de', 'Japan'),
(318, 'JP', 'it', 'Giappone'),
(319, 'KE', 'en', 'Kenya'),
(320, 'KE', 'de', 'Kenia'),
(321, 'KE', 'it', 'Kenya'),
(322, 'KG', 'en', 'Kyrgyzstan'),
(323, 'KG', 'de', 'Kirgisistan'),
(324, 'KG', 'it', 'Kirghizistan'),
(325, 'KH', 'en', 'Cambodia'),
(326, 'KH', 'de', 'Kambodscha'),
(327, 'KH', 'it', 'Cambogia'),
(328, 'KI', 'en', 'Kiribati'),
(329, 'KI', 'de', 'Kiribati'),
(330, 'KI', 'it', 'Kiribati'),
(331, 'KM', 'en', 'Comoros'),
(332, 'KM', 'de', 'Komoren'),
(333, 'KM', 'it', 'Comore'),
(334, 'KN', 'en', 'Saint Kitts and Nevis'),
(335, 'KN', 'de', 'St. Kitts und Nevis'),
(336, 'KN', 'it', 'Saint Kitts e Nevis'),
(337, 'KP', 'en', 'Korea, Republic of'),
(338, 'KP', 'de', 'Republik Korea'),
(339, 'KP', 'it', 'Repubblica di Corea'),
(340, 'KR', 'en', 'Korea, Democratic People''s Republic of'),
(341, 'KR', 'de', 'Demokratische Volksrepublik Korea'),
(342, 'KR', 'it', 'Repubblica popolare democratica di Corea'),
(343, 'KW', 'en', 'Kuwait'),
(344, 'KW', 'de', 'Kuwait'),
(345, 'KW', 'it', 'Kuwait'),
(346, 'KY', 'en', 'Cayman Islands'),
(347, 'KY', 'de', 'Kaiman-Inseln'),
(348, 'KY', 'it', 'Isole Cayman'),
(349, 'KZ', 'en', 'Kazakhstan'),
(350, 'KZ', 'de', 'Kasachstan'),
(351, 'KZ', 'it', 'Kazakstan'),
(352, 'LA', 'en', 'Lao People''s Democratic Republic'),
(353, 'LA', 'de', 'Demokratische Volksrepublik Laos'),
(354, 'LA', 'it', 'Repubblica democratica popolare del Laos'),
(355, 'LB', 'en', 'Lebanon'),
(356, 'LB', 'de', 'Libanon'),
(357, 'LB', 'it', 'Libano'),
(358, 'LI', 'en', 'Liechtenstein'),
(359, 'LI', 'de', 'Liechtenstein'),
(360, 'LI', 'it', 'Liechtenstein'),
(361, 'LK', 'en', 'Sri Lanka'),
(362, 'LK', 'de', 'Sri Lanka'),
(363, 'LK', 'it', 'Sri Lanka'),
(364, 'LR', 'en', 'Liberia'),
(365, 'LR', 'de', 'Liberia'),
(366, 'LR', 'it', 'Liberia'),
(367, 'LS', 'en', 'Lesotho'),
(368, 'LS', 'de', 'Lesotho'),
(369, 'LS', 'it', 'Lesotho'),
(370, 'LT', 'en', 'Lithuania'),
(371, 'LT', 'de', 'Litauen'),
(372, 'LT', 'it', 'Lituania'),
(373, 'LU', 'en', 'Luxembourg'),
(374, 'LU', 'de', 'Luxemburg'),
(375, 'LU', 'it', 'Lussemburgo'),
(376, 'LV', 'en', 'Latvia'),
(377, 'LV', 'de', 'Lettland'),
(378, 'LV', 'it', 'Lettonia'),
(379, 'LY', 'en', 'Libyan Arab Jamahiriya'),
(380, 'LY', 'de', 'Sozialistische Libysch-Arabische Volks-Dschamahirija'),
(381, 'LY', 'it', 'Giamahiria araba libica'),
(382, 'MA', 'en', 'Morocco'),
(383, 'MA', 'de', 'Marokko'),
(384, 'MA', 'it', 'Marocco'),
(385, 'MC', 'en', 'Monaco'),
(386, 'MC', 'de', 'Monaco'),
(387, 'MC', 'it', 'Monaco'),
(388, 'MD', 'en', 'Moldova, Republic of'),
(389, 'MD', 'de', 'Republik Moldau'),
(390, 'MD', 'it', 'Repubblica moldova'),
(391, 'ME', 'en', 'Montenegro'),
(392, 'ME', 'de', 'Montenegro'),
(393, 'ME', 'it', 'Montenegro'),
(394, 'MG', 'en', 'Madagascar'),
(395, 'MG', 'de', 'Madagaskar'),
(396, 'MG', 'it', 'Madagascar'),
(397, 'MH', 'en', 'Marshall Islands'),
(398, 'MH', 'de', 'Marshallinseln'),
(399, 'MH', 'it', 'Isole Marshall'),
(400, 'MK', 'en', 'Macedonia, the former Yugoslav Republic of'),
(401, 'MK', 'de', 'Ehemalige jugoslawische Republik Mazedonien'),
(402, 'MK', 'it', 'Ex Repubblica iugoslava di Macedonia'),
(403, 'ML', 'en', 'Mali'),
(404, 'ML', 'de', 'Mali'),
(405, 'ML', 'it', 'Mali'),
(406, 'MM', 'en', 'Myanmar'),
(407, 'MM', 'de', 'Myanmar'),
(408, 'MM', 'it', 'Myanmar'),
(409, 'MN', 'en', 'Mongolia'),
(410, 'MN', 'de', 'Mongolei'),
(411, 'MN', 'it', 'Mongolia'),
(412, 'MO', 'en', 'Macau'),
(413, 'MO', 'de', 'Macau'),
(414, 'MO', 'it', 'Macao'),
(415, 'MP', 'en', 'Northern Mariana Islands'),
(416, 'MP', 'de', 'Nördliche Marianen'),
(417, 'MP', 'it', 'Isole Marianne settentrionali'),
(418, 'MQ', 'en', 'Martinique'),
(419, 'MQ', 'de', 'Martinique'),
(420, 'MQ', 'it', 'Martinica'),
(421, 'MR', 'en', 'Mauritania'),
(422, 'MR', 'de', 'Mauretanien'),
(423, 'MR', 'it', 'Mauritania'),
(424, 'MS', 'en', 'Montserrat'),
(425, 'MS', 'de', 'Montserrat'),
(426, 'MS', 'it', 'Montserrat'),
(427, 'MT', 'en', 'Malta'),
(428, 'MT', 'de', 'Malta'),
(429, 'MT', 'it', 'Malta'),
(430, 'MU', 'en', 'Mauritius'),
(431, 'MU', 'de', 'Mauritius'),
(432, 'MU', 'it', 'Maurizio'),
(433, 'MV', 'en', 'Maldives'),
(434, 'MV', 'de', 'Malediven'),
(435, 'MV', 'it', 'Maldive'),
(436, 'MW', 'en', 'Malawi'),
(437, 'MW', 'de', 'Malawi'),
(438, 'MW', 'it', 'Malawi'),
(439, 'MX', 'en', 'Mexico'),
(440, 'MX', 'de', 'Mexiko'),
(441, 'MX', 'it', 'Messico'),
(442, 'MY', 'en', 'Malaysia'),
(443, 'MY', 'de', 'Malaysia'),
(444, 'MY', 'it', 'Malaysia'),
(445, 'MZ', 'en', 'Mozambique'),
(446, 'MZ', 'de', 'Mosambik'),
(447, 'MZ', 'it', 'Mozambico'),
(448, 'NA', 'en', 'Namibia'),
(449, 'NA', 'de', 'Namibia'),
(450, 'NA', 'it', 'Namibia'),
(451, 'NC', 'en', 'New Caledonia'),
(452, 'NC', 'de', 'Neukaledonien'),
(453, 'NC', 'it', 'Nuova Caledonia'),
(454, 'NE', 'en', 'Niger'),
(455, 'NE', 'de', 'Niger'),
(456, 'NE', 'it', 'Niger'),
(457, 'NF', 'en', 'Norfolk Island'),
(458, 'NF', 'de', 'Norfolkinsel'),
(459, 'NF', 'it', 'Isole Norfolk'),
(460, 'NG', 'en', 'Nigeria'),
(461, 'NG', 'de', 'Nigeria'),
(462, 'NG', 'it', 'Nigeria'),
(463, 'NI', 'en', 'Nicaragua'),
(464, 'NI', 'de', 'Nicaragua'),
(465, 'NI', 'it', 'Nicaragua'),
(466, 'NL', 'en', 'Netherlands'),
(467, 'NL', 'de', 'Niederlande'),
(468, 'NL', 'it', 'Paesi Bassi'),
(469, 'NO', 'en', 'Norway'),
(470, 'NO', 'de', 'Norwegen'),
(471, 'NO', 'it', 'Norvegia'),
(472, 'NP', 'en', 'Nepal'),
(473, 'NP', 'de', 'Nepal'),
(474, 'NP', 'it', 'Nepal'),
(475, 'NR', 'en', 'Nauru'),
(476, 'NR', 'de', 'Nauru'),
(477, 'NR', 'it', 'Nauru'),
(478, 'NU', 'en', 'Niue'),
(479, 'NU', 'de', 'Niue'),
(480, 'NU', 'it', 'Niue'),
(481, 'NZ', 'en', 'New Zealand'),
(482, 'NZ', 'de', 'Neuseeland'),
(483, 'NZ', 'it', 'Nuova Zelanda'),
(484, 'OM', 'en', 'Oman'),
(485, 'OM', 'de', 'Oman'),
(486, 'OM', 'it', 'Oman'),
(487, 'PA', 'en', 'Panama'),
(488, 'PA', 'de', 'Panama'),
(489, 'PA', 'it', 'Panama'),
(490, 'PE', 'en', 'Peru'),
(491, 'PE', 'de', 'Peru'),
(492, 'PE', 'it', 'Perù'),
(493, 'PF', 'en', 'French Polynesia'),
(494, 'PF', 'de', 'Französisch-Polynesien'),
(495, 'PF', 'it', 'Polinesia francese'),
(496, 'PG', 'en', 'Papua New Guinea'),
(497, 'PG', 'de', 'Papua-Neuguinea'),
(498, 'PG', 'it', 'Papua Nuova Guinea'),
(499, 'PH', 'en', 'Philippines'),
(500, 'PH', 'de', 'Philippinen'),
(501, 'PH', 'it', 'Filippine'),
(502, 'PK', 'en', 'Pakistan'),
(503, 'PK', 'de', 'Pakistan'),
(504, 'PK', 'it', 'Pakistan'),
(505, 'PL', 'en', 'Poland'),
(506, 'PL', 'de', 'Polen'),
(507, 'PL', 'it', 'Polonia'),
(508, 'PN', 'en', 'Pitcairn'),
(509, 'PN', 'de', 'Pitcairn'),
(510, 'PN', 'it', 'Pitcairn'),
(511, 'PR', 'en', 'Puerto Rico'),
(512, 'PR', 'de', 'Puerto Rico'),
(513, 'PR', 'it', 'Portorico'),
(514, 'PS', 'en', 'Palestinian Territory, Occupied'),
(515, 'PS', 'de', 'Besetzte Palästinensische Gebiete'),
(516, 'PS', 'it', 'Territori palestinesi occupati'),
(517, 'PT', 'en', 'Portugal'),
(518, 'PT', 'de', 'Portugal'),
(519, 'PT', 'it', 'Portogallo'),
(520, 'PW', 'en', 'Palau'),
(521, 'PW', 'de', 'Palau'),
(522, 'PW', 'it', 'Palau'),
(523, 'PY', 'en', 'Paraguay'),
(524, 'PY', 'de', 'Paraguay'),
(525, 'PY', 'it', 'Paraguay'),
(526, 'QA', 'en', 'Qatar'),
(527, 'QA', 'de', 'Katar'),
(528, 'QA', 'it', 'Qatar'),
(529, 'RE', 'en', 'Réunion'),
(530, 'RE', 'de', 'Réunion'),
(531, 'RE', 'it', 'Riunione'),
(532, 'RO', 'en', 'Romania'),
(533, 'RO', 'de', 'Rumänien'),
(534, 'RO', 'it', 'Romania'),
(535, 'RS', 'en', 'Serbia'),
(536, 'RS', 'de', 'Serbien'),
(537, 'RS', 'it', 'Serbia'),
(538, 'RU', 'en', 'Russian Federation'),
(539, 'RU', 'de', 'Russische Föderation'),
(540, 'RU', 'it', 'Federazione russa'),
(541, 'RW', 'en', 'Rwanda'),
(542, 'RW', 'de', 'Ruanda'),
(543, 'RW', 'it', 'Ruanda'),
(544, 'SA', 'en', 'Saudi Arabia'),
(545, 'SA', 'de', 'Saudi-Arabien'),
(546, 'SA', 'it', 'Arabia Saudita'),
(547, 'SB', 'en', 'Solomon Islands'),
(548, 'SB', 'de', 'Salomonen'),
(549, 'SB', 'it', 'Isole Salomone'),
(550, 'SC', 'en', 'Seychelles'),
(551, 'SC', 'de', 'Seychellen'),
(552, 'SC', 'it', 'Seicelle'),
(553, 'SD', 'en', 'Sudan'),
(554, 'SD', 'de', 'Sudan'),
(555, 'SD', 'it', 'Sudan'),
(556, 'SE', 'en', 'Sweden'),
(557, 'SE', 'de', 'Schweden'),
(558, 'SE', 'it', 'Svezia'),
(559, 'SG', 'en', 'Singapore'),
(560, 'SG', 'de', 'Singapur'),
(561, 'SG', 'it', 'Singapore'),
(562, 'SI', 'en', 'Slovenia'),
(563, 'SI', 'de', 'Slowenien'),
(564, 'SI', 'it', 'Slovenia'),
(565, 'SJ', 'en', 'Svalbard and Jan Mayen Islands'),
(566, 'SJ', 'de', 'Svalbard und Jan Mayen'),
(567, 'SJ', 'it', 'Isole Svalbard e Jan Mayen'),
(568, 'SK', 'en', 'Slovakia'),
(569, 'SK', 'de', 'Slowakei'),
(570, 'SK', 'it', 'Slovacchia'),
(571, 'SL', 'en', 'Sierra Leone'),
(572, 'SL', 'de', 'Sierra Leone'),
(573, 'SL', 'it', 'Sierra Leone'),
(574, 'SM', 'en', 'San Marino'),
(575, 'SM', 'de', 'San Marino'),
(576, 'SM', 'it', 'San Marino'),
(577, 'SN', 'en', 'Senegal'),
(578, 'SN', 'de', 'Senegal'),
(579, 'SN', 'it', 'Senegal'),
(580, 'SO', 'en', 'Somalia'),
(581, 'SO', 'de', 'Somalia'),
(582, 'SO', 'it', 'Somalia'),
(583, 'SR', 'en', 'Suriname'),
(584, 'SR', 'de', 'Suriname'),
(585, 'SR', 'it', 'Suriname'),
(586, 'ST', 'en', 'São Tomé and Príncipe'),
(587, 'ST', 'de', 'São Tomé und Príncipe'),
(588, 'ST', 'it', 'São Tomé e Príncipe'),
(589, 'SV', 'en', 'El Salvador'),
(590, 'SV', 'de', 'El Salvador'),
(591, 'SV', 'it', 'El Salvador'),
(592, 'SY', 'en', 'Syrian Arab Republic'),
(593, 'SY', 'de', 'Arabische Republik Syrien'),
(594, 'SY', 'it', 'Repubblica araba siriana'),
(595, 'SZ', 'en', 'Swaziland'),
(596, 'SZ', 'de', 'Swasiland'),
(597, 'SZ', 'it', 'Swaziland'),
(598, 'TC', 'en', 'Turks and Caicos Islands'),
(599, 'TC', 'de', 'Turks- und Caicosinseln'),
(600, 'TC', 'it', 'Isole Turks e Caicos'),
(601, 'TD', 'en', 'Chad'),
(602, 'TD', 'de', 'Tschad'),
(603, 'TD', 'it', 'Ciad'),
(604, 'TF', 'en', 'French Southern Territories'),
(605, 'TF', 'de', 'Französische Gebiete im südlichen Indischen Ozean'),
(606, 'TF', 'it', 'Territori australi francesi'),
(607, 'TG', 'en', 'Togo'),
(608, 'TG', 'de', 'Togo'),
(609, 'TG', 'it', 'Togo'),
(610, 'TH', 'en', 'Thailand'),
(611, 'TH', 'de', 'Thailand'),
(612, 'TH', 'it', 'Thailandia'),
(613, 'TJ', 'en', 'Tajikistan'),
(614, 'TJ', 'de', 'Tadschikistan'),
(615, 'TJ', 'it', 'Tagikistan'),
(616, 'TK', 'en', 'Tokelau'),
(617, 'TK', 'de', 'Tokelau'),
(618, 'TK', 'it', 'Tokelau'),
(619, 'TL', 'en', 'Timor-Leste'),
(620, 'TL', 'de', 'Timor-Leste'),
(621, 'TL', 'it', 'Timor orientale'),
(622, 'TM', 'en', 'Turkmenistan'),
(623, 'TM', 'de', 'Turkmenistan'),
(624, 'TM', 'it', 'Turkmenistan'),
(625, 'TN', 'en', 'Tunisia'),
(626, 'TN', 'de', 'Tunesien'),
(627, 'TN', 'it', 'Tunisia'),
(628, 'TO', 'en', 'Tonga'),
(629, 'TO', 'de', 'Tonga'),
(630, 'TO', 'it', 'Tonga'),
(631, 'TR', 'en', 'Turkey'),
(632, 'TR', 'de', 'Türkei'),
(633, 'TR', 'it', 'Turchia'),
(634, 'TT', 'en', 'Trinidad and Tobago'),
(635, 'TT', 'de', 'Trinidad und Tobago'),
(636, 'TT', 'it', 'Trinidad e Tobago'),
(637, 'TV', 'en', 'Tuvalu'),
(638, 'TV', 'de', 'Tuvalu'),
(639, 'TV', 'it', 'Tuvalu'),
(640, 'TW', 'en', 'Taiwan, Province of China'),
(641, 'TW', 'de', 'Taiwan'),
(642, 'TW', 'it', 'Taiwan'),
(643, 'TZ', 'en', 'Tanzania, United Republic Of'),
(644, 'TZ', 'de', 'Vereinigte Republik Tansania'),
(645, 'TZ', 'it', 'Repubblica unita di Tanzania'),
(646, 'UA', 'en', 'Ukraine'),
(647, 'UA', 'de', 'Ukraine'),
(648, 'UA', 'it', 'Ucraina'),
(649, 'UG', 'en', 'Uganda'),
(650, 'UG', 'de', 'Uganda'),
(651, 'UG', 'it', 'Uganda'),
(652, 'GB', 'en', 'United Kingdom'),
(653, 'GB', 'de', 'Vereinigtes Königreich'),
(654, 'GB', 'it', 'Regno Unito'),
(655, 'UM', 'en', 'United States Minor Outlying Islands'),
(656, 'UM', 'de', 'Kleinere Amerikanische Überseeinseln'),
(657, 'UM', 'it', 'Isole minori lontane dagli Stati Uniti'),
(658, 'US', 'en', 'United States'),
(659, 'US', 'de', 'Vereinigte Staaten'),
(660, 'US', 'it', 'Stati Uniti'),
(661, 'UY', 'en', 'Uruguay'),
(662, 'UY', 'de', 'Uruguay'),
(663, 'UY', 'it', 'Uruguay'),
(664, 'UZ', 'en', 'Uzbekistan'),
(665, 'UZ', 'de', 'Usbekistan'),
(666, 'UZ', 'it', 'Uzbekistan'),
(667, 'VA', 'en', 'Vatican City State (Holy See)'),
(668, 'VA', 'de', 'Heiliger Stuhl (Staat Vatikanstadt)'),
(669, 'VA', 'it', 'Stato della Città del Vaticano (Santa Sede)'),
(670, 'VC', 'en', 'Saint Vincent and the Grenadines'),
(671, 'VC', 'de', 'St. Vincent und die Grenadinen'),
(672, 'VC', 'it', 'Saint Vincent e Grenadines'),
(673, 'VE', 'en', 'Venezuela'),
(674, 'VE', 'de', 'Venezuela'),
(675, 'VE', 'it', 'Venezuela'),
(676, 'VG', 'en', 'Virgin Islands, British'),
(677, 'VG', 'de', 'Britische Jungferninseln'),
(678, 'VG', 'it', 'Isole Vergini (britanniche)'),
(679, 'VI', 'en', 'Virgin Islands, U.S.'),
(680, 'VI', 'de', 'Amerikanische Jungferninseln'),
(681, 'VI', 'it', 'Isole Vergini (americane)'),
(682, 'VN', 'en', 'Viet Nam'),
(683, 'VN', 'de', 'Vietnam'),
(684, 'VN', 'it', 'Vietnam'),
(685, 'VU', 'en', 'Vanuatu'),
(686, 'VU', 'de', 'Vanuatu'),
(687, 'VU', 'it', 'Vanuatu'),
(688, 'WF', 'en', 'Wallis and Futuna Islands'),
(689, 'WF', 'de', 'Wallis und Futuna'),
(690, 'WF', 'it', 'Isole Wallis e Futuna'),
(691, 'WL', 'en', 'Saint Lucia'),
(692, 'WL', 'de', 'St. Lucia'),
(693, 'WL', 'it', 'Saint Lucia'),
(694, 'WS', 'en', 'Samoa'),
(695, 'WS', 'de', 'Samoa'),
(696, 'WS', 'it', 'Samoa'),
(697, 'YE', 'en', 'Yemen'),
(698, 'YE', 'de', 'Jemen'),
(699, 'YE', 'it', 'Yemen'),
(700, 'YT', 'en', 'Mayotte'),
(701, 'YT', 'de', 'Mayotte'),
(702, 'YT', 'it', 'Mayotte'),
(703, 'ZA', 'en', 'South Africa'),
(704, 'ZA', 'de', 'Südafrika'),
(705, 'ZA', 'it', 'Sud Africa'),
(706, 'ZM', 'en', 'Zambia'),
(707, 'ZM', 'de', 'Sambia'),
(708, 'ZM', 'it', 'Zambia'),
(709, 'ZW', 'en', 'Zimbabwe'),
(710, 'ZW', 'de', 'Simbabwe'),
(711, 'ZW', 'it', 'Zimbabwe'),
(712, 'AD', 'fr', 'Andorre'),
(713, 'AE', 'fr', 'Émirats Arabes Unis'),
(714, 'AF', 'fr', 'Afghanistan'),
(715, 'AG', 'fr', 'Antigua and Barbuda'),
(716, 'AI', 'fr', 'Anguilla'),
(717, 'AL', 'fr', 'Albanie'),
(718, 'AM', 'fr', 'Arménie'),
(719, 'AN', 'fr', 'Antilles Néerlandaises'),
(720, 'AO', 'fr', 'Angola'),
(721, 'AQ', 'fr', 'Antarctique'),
(722, 'AR', 'fr', 'Argentine'),
(723, 'AS', 'fr', 'Samora Américaines'),
(724, 'AT', 'fr', 'Autriche'),
(725, 'AU', 'fr', 'Australie'),
(726, 'AW', 'fr', 'Aruba'),
(727, 'AZ', 'fr', 'Azerbaïdjan'),
(728, 'BA', 'fr', 'Bosnie-Herzégovine'),
(729, 'BB', 'fr', 'Barbade'),
(730, 'BD', 'fr', 'Bangladesh'),
(731, 'BE', 'fr', 'Belgique'),
(732, 'BF', 'fr', 'Burkina Faso'),
(733, 'BG', 'fr', 'Bulgarie'),
(734, 'BH', 'fr', 'Bahreïn'),
(735, 'BI', 'fr', 'Burundi'),
(736, 'BJ', 'fr', 'Bénin'),
(737, 'BM', 'fr', 'Bermudes'),
(738, 'BN', 'fr', 'Brunéi Darussalam'),
(739, 'BO', 'fr', 'Bolivie'),
(740, 'BR', 'fr', 'Brésil'),
(741, 'BS', 'fr', 'Bahamas'),
(742, 'BT', 'fr', 'Bhoutan'),
(743, 'BW', 'fr', 'Botswana'),
(744, 'BY', 'fr', 'Bélarus'),
(745, 'BZ', 'fr', 'Belize'),
(746, 'CA', 'fr', 'Canada'),
(747, 'CC', 'fr', 'Îles Cocos'),
(748, 'CD', 'fr', 'Congo - Rep. Dém.'),
(749, 'CF', 'fr', 'République Centrafricaine'),
(750, 'CG', 'fr', 'Congo'),
(751, 'CH', 'fr', 'Suisse'),
(752, 'CI', 'fr', 'Côte d''Ivoire'),
(753, 'CK', 'fr', 'Îles Cook'),
(754, 'CL', 'fr', 'Chili'),
(755, 'CM', 'fr', 'Cameroun'),
(756, 'CN', 'fr', 'Chine'),
(757, 'CO', 'fr', 'Colombie'),
(758, 'CR', 'fr', 'Costa Rica'),
(759, 'CU', 'fr', 'Cuba'),
(760, 'CV', 'fr', 'Cap-Vert'),
(761, 'CX', 'fr', 'Île Christmas'),
(762, 'CY', 'fr', 'Chypre'),
(763, 'CZ', 'fr', 'République Tchèque'),
(764, 'DE', 'fr', 'Allemagne'),
(765, 'DJ', 'fr', 'Djibouti'),
(766, 'DK', 'fr', 'Danemark'),
(767, 'DM', 'fr', 'Dominique'),
(768, 'DO', 'fr', 'République Dominicaine'),
(769, 'DZ', 'fr', 'Algérie'),
(770, 'EC', 'fr', 'Équateur'),
(771, 'EE', 'fr', 'Estonie'),
(772, 'EG', 'fr', 'Égypte'),
(773, 'EH', 'fr', 'Sahara Occidental'),
(774, 'ER', 'fr', 'Érythrée'),
(775, 'ES', 'fr', 'Espagne'),
(776, 'ET', 'fr', 'Éthiopie'),
(777, 'FI', 'fr', 'Finlande'),
(778, 'FJ', 'fr', 'Fidji'),
(779, 'FK', 'fr', 'Îles Falkland'),
(780, 'FM', 'fr', 'Micronesia, Federated States of'),
(781, 'FO', 'fr', 'Îles Féroé'),
(782, 'FR', 'fr', 'France'),
(783, 'GA', 'fr', 'Gabon'),
(784, 'GD', 'fr', 'Grenade'),
(785, 'GE', 'fr', 'Géorgie'),
(786, 'GF', 'fr', 'Guyane Française'),
(787, 'GH', 'fr', 'Ghana'),
(788, 'GI', 'fr', 'Gibraltar'),
(789, 'GL', 'fr', 'Groenland'),
(790, 'GM', 'fr', 'Gambie'),
(791, 'GN', 'fr', 'Guinéee'),
(792, 'GP', 'fr', 'Guadeloupe'),
(793, 'GQ', 'fr', 'Guinée Équatoriale'),
(794, 'GR', 'fr', 'Grèce'),
(795, 'GS', 'fr', 'South Georgia and The South Sandwich Islands'),
(796, 'GT', 'fr', 'Guatemala'),
(797, 'GU', 'fr', 'Guam'),
(798, 'GW', 'fr', 'Guinée-Bissau'),
(799, 'GY', 'fr', 'Guyana'),
(800, 'HK', 'fr', 'Hong-Kong'),
(801, 'HM', 'fr', 'Heard Island and McDonald Islands'),
(802, 'HN', 'fr', 'Honduras'),
(803, 'HR', 'fr', 'Croatie'),
(804, 'HT', 'fr', 'Haïti'),
(805, 'HU', 'fr', 'Hongrie'),
(806, 'ID', 'fr', 'Indonésie'),
(807, 'IE', 'fr', 'Irlande'),
(808, 'IL', 'fr', 'Israël'),
(809, 'IN', 'fr', 'Inde'),
(810, 'IO', 'fr', 'British Indian Ocean Territory'),
(811, 'IQ', 'fr', 'Iraq'),
(812, 'IR', 'fr', 'Iran'),
(813, 'IS', 'fr', 'Islande'),
(814, 'IT', 'fr', 'Italie'),
(815, 'JM', 'fr', 'Jamaïque'),
(816, 'JO', 'fr', 'Jordanie'),
(817, 'JP', 'fr', 'Japon'),
(818, 'KE', 'fr', 'Kenya'),
(819, 'KG', 'fr', 'Kirghizistan'),
(820, 'KH', 'fr', 'Comores'),
(821, 'KI', 'fr', 'Kiribati'),
(822, 'KM', 'fr', 'Comores'),
(823, 'KN', 'fr', 'Saint-Kitts-et-Nevis'),
(824, 'KP', 'fr', 'Corée'),
(825, 'KR', 'fr', 'Corée - Rép. Dém.'),
(826, 'KW', 'fr', 'Koweït'),
(827, 'KY', 'fr', 'Caïmanes, Îles'),
(828, 'KZ', 'fr', 'Kazakstan'),
(829, 'LA', 'fr', 'Lao People''s Democratic Republic'),
(830, 'LB', 'fr', 'Liban'),
(831, 'LI', 'fr', 'Liechtenstein'),
(832, 'LK', 'fr', 'Sri Lanka'),
(833, 'LR', 'fr', 'Libéria'),
(834, 'LS', 'fr', 'Lesotho'),
(835, 'LT', 'fr', 'Lituanie'),
(836, 'LU', 'fr', 'Luxembourg'),
(837, 'LV', 'fr', 'Lettonie'),
(838, 'LY', 'fr', 'Libye'),
(839, 'MA', 'fr', 'Maroc'),
(840, 'MC', 'fr', 'Monaco'),
(841, 'MD', 'fr', 'Moldova'),
(842, 'ME', 'fr', 'Monténégro'),
(843, 'MG', 'fr', 'Madagascar'),
(844, 'MH', 'fr', 'Îles Marshall'),
(845, 'MK', 'fr', 'Macédoine'),
(846, 'ML', 'fr', 'Mali'),
(847, 'MM', 'fr', 'Myanmar'),
(848, 'MN', 'fr', 'Mongolie'),
(849, 'MO', 'fr', 'Macao'),
(850, 'MP', 'fr', 'Northern Mariana Islands'),
(851, 'MQ', 'fr', 'Martinique'),
(852, 'MR', 'fr', 'Mauritanie'),
(853, 'MS', 'fr', 'Montserrat'),
(854, 'MT', 'fr', 'Malte'),
(855, 'MU', 'fr', 'Île Maurice'),
(856, 'MV', 'fr', 'Maldives'),
(857, 'MW', 'fr', 'Malawi'),
(858, 'MX', 'fr', 'Mexique'),
(859, 'MY', 'fr', 'Malaisie'),
(860, 'MZ', 'fr', 'Mozambique'),
(861, 'NA', 'fr', 'Namibie'),
(862, 'NC', 'fr', 'Nouvelle-Calédonie'),
(863, 'NE', 'fr', 'Niger'),
(864, 'NF', 'fr', 'Norfolk Island'),
(865, 'NG', 'fr', 'Nigéria'),
(866, 'NI', 'fr', 'Nicaragua'),
(867, 'NL', 'fr', 'Pays-Bas'),
(868, 'NO', 'fr', 'Norvège'),
(869, 'NP', 'fr', 'Népal'),
(870, 'NR', 'fr', 'Nauru'),
(871, 'NU', 'fr', 'Nioué'),
(872, 'NZ', 'fr', 'Nouvelle-Zélande'),
(873, 'OM', 'fr', 'Oman'),
(874, 'PA', 'fr', 'Panama'),
(875, 'PE', 'fr', 'Pérou'),
(876, 'PF', 'fr', 'Polynésie Française'),
(877, 'PG', 'fr', 'Papouasie-Nouvelle-Guinée'),
(878, 'PH', 'fr', 'Philippines'),
(879, 'PK', 'fr', 'Pakistan'),
(880, 'PL', 'fr', 'Pologne'),
(881, 'PN', 'fr', 'Pitcairn'),
(882, 'PR', 'fr', 'Porto Rico'),
(883, 'PS', 'fr', 'Palestine'),
(884, 'PT', 'fr', 'Portugal'),
(885, 'PW', 'fr', 'Palaos'),
(886, 'PY', 'fr', 'Paraguay'),
(887, 'QA', 'fr', 'Qatar'),
(888, 'RE', 'fr', 'Ile de la Réunion'),
(889, 'RO', 'fr', 'Roumanie'),
(890, 'RS', 'fr', 'Serbie'),
(891, 'RU', 'fr', 'Russie'),
(892, 'RW', 'fr', 'Rwanda'),
(893, 'SA', 'fr', 'Arabie Saoudite'),
(894, 'SB', 'fr', 'Îles Salomon'),
(895, 'SC', 'fr', 'Seychelles'),
(896, 'SD', 'fr', 'Soudan'),
(897, 'SE', 'fr', 'Suède'),
(898, 'SG', 'fr', 'Singapour'),
(899, 'SI', 'fr', 'Slovénie'),
(900, 'SJ', 'fr', 'Svalbard and Jan Mayen Islands'),
(901, 'SK', 'fr', 'Slovaquie'),
(902, 'SL', 'fr', 'Sierra Leone'),
(903, 'SM', 'fr', 'Saint-Marin'),
(904, 'SN', 'fr', 'Sénégal'),
(905, 'SO', 'fr', 'Somalie'),
(906, 'SR', 'fr', 'Suriname'),
(907, 'ST', 'fr', 'Sao Tomé-et-Principe'),
(908, 'SV', 'fr', 'El Salvador'),
(909, 'SY', 'fr', 'Syrienne'),
(910, 'SZ', 'fr', 'Swaziland'),
(911, 'TC', 'fr', 'Îles Turks et Caïques'),
(912, 'TD', 'fr', 'Tchad'),
(913, 'TF', 'fr', 'French Southern Territories'),
(914, 'TG', 'fr', 'Togo'),
(915, 'TH', 'fr', 'Thaïlande'),
(916, 'TJ', 'fr', 'Tadjikistan'),
(917, 'TK', 'fr', 'Tokelau'),
(918, 'TL', 'fr', 'Timor-Leste'),
(919, 'TM', 'fr', 'Turkménistan'),
(920, 'TN', 'fr', 'Tunisie'),
(921, 'TO', 'fr', 'Tonga'),
(922, 'TR', 'fr', 'Turquie'),
(923, 'TT', 'fr', 'Trinité-et-Tobago'),
(924, 'TV', 'fr', 'Tuvalu'),
(925, 'TW', 'fr', 'Taïwan'),
(926, 'TZ', 'fr', 'Tanzanie'),
(927, 'UA', 'fr', 'Ukraine'),
(928, 'UG', 'fr', 'Ouganda'),
(929, 'GB', 'fr', 'Royaume-Uni'),
(930, 'UM', 'fr', 'États-Unis Minor Outlying Islands'),
(931, 'US', 'fr', 'États-Unis'),
(932, 'UY', 'fr', 'Uruguay'),
(933, 'UZ', 'fr', 'Ouzbékistan'),
(934, 'VA', 'fr', 'Vatican City State (Holy See)'),
(935, 'VC', 'fr', 'Saint-Vincent-et-les Grenadines'),
(936, 'VE', 'fr', 'Venezuela'),
(937, 'VG', 'fr', 'Îles Vierges Britanniques'),
(938, 'VI', 'fr', 'Îles Vierges des États-Unis'),
(939, 'VN', 'fr', 'Viêt Nam'),
(940, 'VU', 'fr', 'Vanuatu'),
(941, 'WF', 'fr', 'Wallis et Futuna'),
(942, 'WL', 'fr', 'Sainte-Lucie'),
(943, 'WS', 'fr', 'Samoa'),
(944, 'YE', 'fr', 'Yémen'),
(945, 'YT', 'fr', 'Mayotte'),
(946, 'ZA', 'fr', 'Afrique du Sud'),
(947, 'ZM', 'fr', 'Zambie'),
(948, 'ZW', 'fr', 'Zimbabwe');

-- --------------------------------------------------------

--
-- Table structure for table `module`
--

CREATE TABLE IF NOT EXISTS `module` (
  `id` int(10) unsigned NOT NULL AUTO_INCREMENT,
  `application_id` int(10) unsigned NOT NULL,
  `code` varchar(20) NOT NULL COMMENT 'module directory',
  `name` varchar(50) NOT NULL,
  `description` varchar(255) NOT NULL,
  `settings` text NOT NULL COMMENT 'json encoded settings',
  `data` text COMMENT 'json data',
  PRIMARY KEY (`id`),
  KEY `application_id` (`application_id`)
) ENGINE=MyISAM  DEFAULT CHARSET=utf8 COMMENT='cms modules' AUTO_INCREMENT=108 ;

--
-- Dumping data for table `module`
--

INSERT INTO `module` (`id`, `application_id`, `code`, `name`, `description`, `settings`, `data`) VALUES
(10, 1, 'cms', 'CMS', 'Content Management Module', '', '{ "widgets":{ "hDashboard.Widget.Cms":{ "jsFiles":["/modules/cms/js/Widget.js"], "cssFiles":[] }, "hDashboard.Widget.Cms.Statistics":{ "jsFiles":["/modules/cms/js/Widget/Statistics.js","/plugins/highchart/highcharts.js","/js/jquery.peity.min.js"], "cssFiles":[] } }, "menus":{ "page/index":{ "name":"Page view", "dialog_url":"cms\\/admin\\/dialog" }, "sitemap/index":{"name":"Sitemap","dialog_url":null} } }'),
(20, 1, 'admin', 'Admin Module', 'Admin Management Module', '', '{ "widgets":{ "hDashboard.Widget.Admin":{ "jsFiles":["/modules/admin/js/Widget.js","/plugins/highchart/highcharts.js"], "cssFiles":[] } } }'),
(30, 1, 'auth', 'Auth', 'Users and permissions management', '', '{\r\n    "widgets":{\r\n        "hDashboard.Widget.Auth":{\r\n            "jsFiles":["/modules/auth/js/Widget.js"],\r\n            "cssFiles":[]\r\n        }\r\n    }\r\n}'),
(70, 1, 'news', 'News', '', '', '{ "menus":{ "page/list":{ "name":"News list", "dialog_url":null }, "page/index":{ "name":"News view", "dialog_url":null } } }');

-- --------------------------------------------------------

--
-- Table structure for table `translate`
--

CREATE TABLE IF NOT EXISTS `translate` (
  `id` int(10) unsigned NOT NULL AUTO_INCREMENT,
  `language_id` int(10) unsigned NOT NULL,
  `section` varchar(20) DEFAULT NULL,
  `key` text CHARACTER SET utf8 COLLATE utf8_bin NOT NULL,
  `value` text NOT NULL,
  PRIMARY KEY (`id`),
  UNIQUE KEY `unique_trans` (`language_id`,`section`,`key`(100)),
  KEY `language_id` (`language_id`,`section`)
) ENGINE=MyISAM  DEFAULT CHARSET=utf8 AUTO_INCREMENT=1213 ;

--
-- Dumping data for table `translate`
--

INSERT INTO `translate` (`id`, `language_id`, `section`, `key`, `value`) VALUES
(945, 1, 'global', 'NEWS', 'NEWS'),
(946, 1, 'global', 'German', 'German'),
(947, 1, 'global', 'English', 'English'),
(948, 1, 'global', 'French', 'French'),
(949, 1, 'global', 'Italian', 'Italian'),
(950, 1, 'global', 'News', 'News'),
(951, 1, 'global', 'News Intro text', 'News Intro text'),
(952, 1, 'global', 'No news found', 'No news found'),
(953, 1, 'global', 'Username', 'Username'),
(954, 1, 'global', 'Password', 'Password'),
(955, 1, 'global', 'Login', 'Login'),
(956, 1, 'global', 'Administration', 'Administration'),
(957, 1, 'global', 'Free', 'Free'),
(958, 1, 'global', 'In Use', 'In Use'),
(959, 1, 'global', 'Misc', 'Misc'),
(960, 1, 'global', 'Statistics', 'Statistics'),
(961, 1, 'global', 'Cms', 'Cms'),
(962, 1, 'global', 'Permissions', 'Permissions'),
(963, 1, 'global', 'Logout', 'Logout'),
(964, 1, 'global', 'Home', 'Home'),
(965, 1, 'global', 'Configuration', 'Configuration'),
(966, 1, 'global', 'Contact', 'Contact'),
(967, 1, 'global', 'Blog', 'Blog'),
(968, 1, 'global', 'Newsletter', 'Newsletter'),
(969, 1, 'global', 'CMS', 'CMS'),
(970, 1, 'global', 'Content', 'Content'),
(971, 1, 'global', 'Pages', 'Pages'),
(972, 1, 'global', 'Tourdates', 'Tourdates'),
(973, 1, 'global', 'Downloads', 'Downloads'),
(974, 1, 'global', 'Downloads private', 'Downloads private'),
(975, 1, 'global', 'Events', 'Events'),
(976, 1, 'global', 'Image Slider', 'Image Slider'),
(977, 1, 'global', 'Content blocks', 'Content blocks'),
(978, 1, 'global', 'Menus', 'Menus'),
(979, 1, 'global', 'Redirection', 'Redirection'),
(980, 1, 'global', 'Route', 'Route'),
(981, 1, 'global', 'Backgrounds', 'Backgrounds'),
(982, 1, 'global', 'Menu', 'Menu'),
(983, 1, 'global', 'Teaser', 'Teaser'),
(984, 1, 'global', 'Box', 'Box'),
(985, 1, 'global', 'Item', 'Item'),
(986, 1, 'global', 'Categories', 'Categories'),
(987, 1, 'global', 'Users', 'Users'),
(988, 1, 'global', 'Roles', 'Roles'),
(989, 1, 'global', 'Comment', 'Comment'),
(990, 1, 'global', 'Comments', 'Comments'),
(991, 1, 'global', 'Music', 'Music'),
(992, 1, 'global', 'Song', 'Song'),
(993, 1, 'global', 'Songs', 'Songs'),
(994, 1, 'global', 'Yt Channel', 'Yt Channel'),
(995, 1, 'global', 'Gallery', 'Gallery'),
(996, 1, 'global', 'File Manager', 'File Manager'),
(997, 1, 'global', 'Translation', 'Translation'),
(998, 1, 'global', 'Type', 'Type'),
(999, 1, 'global', 'Language', 'Language'),
(1000, 1, 'global', 'Fb Gallery', 'Fb Gallery'),
(1001, 1, 'global', 'Copyright', 'Copyright'),
(1002, 1, 'global', 'All rights reserved.', 'All rights reserved.'),
(1003, 1, 'global', 'Manage Pages', 'Manage Pages'),
(1004, 1, 'global', 'Manage Menus', 'Manage Menus'),
(1005, 1, 'global', 'Visits', 'Visits'),
(1006, 1, 'global', 'Visitors', 'Visitors'),
(1007, 1, 'global', 'Pageviews', 'Pageviews'),
(1008, 1, 'global', 'Avg. time on site', 'Avg. time on site'),
(1009, 1, 'global', 'Avg. bounce rate', 'Avg. bounce rate'),
(1010, 1, 'global', 'Percent new visits', 'Percent new visits'),
(1011, 1, 'global', 'Details on Google Analytics', 'Details on Google Analytics'),
(1012, 1, 'global', '<strong>%s</strong> in use out of total <strong>%s</strong>, free <strong>%s</strong>', '<strong>%s</strong> in use out of total <strong>%s</strong>, free <strong>%s</strong>'),
(1013, 1, 'global', 'Manage Files and Directories', 'Manage Files and Directories'),
(1014, 1, 'global', 'Visit Front Site', 'Visit Front Site'),
(1015, 1, 'global', 'Manage Your Account', 'Manage Your Account'),
(1016, 1, 'global', 'Manage Users', 'Manage Users'),
(1017, 1, 'global', 'Manage Roles', 'Manage Roles'),
(1018, 1, 'global', 'Are you sure you want to delete this content item?\\nThis operation has no undo. We recommend unpublishing this content instead of deleting.', 'Are you sure you want to delete this content item?\\nThis operation has no undo. We recommend unpublishing this content instead of deleting.'),
(1019, 1, 'global', 'Select Category', 'Select Category'),
(1020, 1, 'global', 'Page', 'Page'),
(1021, 1, 'global', 'Add new', 'Add new'),
(1022, 1, 'global', 'Search', 'Search'),
(1023, 1, 'global', 'Select Status', 'Select Status'),
(1024, 1, 'global', 'Published', 'Published'),
(1025, 1, 'global', 'Draft', 'Draft'),
(1026, 1, 'global', 'ID', 'ID'),
(1027, 1, 'global', 'Title', 'Title'),
(1028, 1, 'global', 'Code', 'Code'),
(1029, 1, 'global', 'URL ID', 'URL ID'),
(1030, 1, 'global', 'User', 'User'),
(1031, 1, 'global', 'Status', 'Status'),
(1032, 1, 'global', 'Posted', 'Posted'),
(1033, 1, 'global', 'Edit', 'Edit'),
(1034, 1, 'global', 'View Page', 'View Page'),
(1035, 1, 'global', 'Delete', 'Delete'),
(1036, 1, 'global', 'Choose Content Type', 'Choose Content Type'),
(1037, 1, 'global', 'Content Block', 'Content Block'),
(1038, 1, 'global', 'Currently using the default file extensions and mime types! Here you can add more file extensions and mime types.', 'Currently using the default file extensions and mime types! Here you can add more file extensions and mime types.'),
(1039, 1, 'global', 'General information', 'General information'),
(1040, 1, 'global', 'Style information', 'Style information'),
(1041, 1, 'global', 'Email information', 'Email information'),
(1042, 1, 'global', 'Upload information', 'Upload information'),
(1043, 1, 'global', 'Google Analytics', 'Google Analytics'),
(1044, 1, 'global', 'Fb Settings', 'Fb Settings'),
(1045, 1, 'global', 'Twitter Settings', 'Twitter Settings'),
(1046, 1, 'global', 'Fb Open-Graph Settings', 'Fb Open-Graph Settings'),
(1047, 1, 'global', 'Notes', 'Notes'),
(1048, 1, 'global', 'Edit Configuration', 'Edit Configuration'),
(1049, 1, 'global', 'Name', 'Name'),
(1050, 1, 'global', 'Active', 'Active'),
(1051, 1, 'global', 'Inactive', 'Inactive'),
(1052, 1, 'global', 'Style JSON', 'Style JSON'),
(1053, 1, 'global', 'From Email', 'From Email'),
(1054, 1, 'global', 'From Name', 'From Name'),
(1055, 1, 'global', 'To Emails', 'To Emails'),
(1056, 1, 'global', 'Email', 'Email'),
(1057, 1, 'global', 'Add New Email', 'Add New Email'),
(1058, 1, 'global', 'Remove Last', 'Remove Last'),
(1059, 1, 'global', 'Email Port', 'Email Port'),
(1060, 1, 'global', 'Email Auth', 'Email Auth'),
(1061, 1, 'global', 'Email Username', 'Email Username'),
(1062, 1, 'global', 'Email Password', 'Email Password'),
(1063, 1, 'global', 'Email Server', 'Email Server'),
(1064, 1, 'global', 'Email transport type', 'Email transport type'),
(1065, 1, 'global', 'Select transport type', 'Select transport type'),
(1066, 1, 'global', 'Default file extensions and mime types:', 'Default file extensions and mime types:'),
(1067, 1, 'global', 'Extensions', 'Extensions'),
(1068, 1, 'global', 'Mimetypes', 'Mimetypes'),
(1069, 1, 'global', 'Custom file extensions and mime types:', 'Custom file extensions and mime types:'),
(1070, 1, 'global', 'Add Extensions', 'Add Extensions'),
(1071, 1, 'global', 'Add Mimetypes', 'Add Mimetypes'),
(1072, 1, 'global', 'NOTICE', 'NOTICE'),
(1073, 1, 'global', 'Account Id', 'Account Id'),
(1074, 1, 'global', 'Tracking Id', 'Tracking Id'),
(1075, 1, 'global', 'Api Id', 'Api Id'),
(1076, 1, 'global', 'Api Key', 'Api Key'),
(1077, 1, 'global', 'Api Secret', 'Api Secret'),
(1078, 1, 'global', 'Canvas Page', 'Canvas Page'),
(1079, 1, 'global', 'Domain', 'Domain'),
(1080, 1, 'global', 'Base Url', 'Base Url'),
(1081, 1, 'global', 'Scope', 'Scope'),
(1082, 1, 'global', 'Redirect Uri', 'Redirect Uri'),
(1083, 1, 'global', 'Page Url', 'Page Url'),
(1084, 1, 'global', 'User Id', 'User Id'),
(1085, 1, 'global', 'User Screenname', 'User Screenname'),
(1086, 1, 'global', 'Count of tweets to retrieve', 'Count of tweets to retrieve'),
(1087, 1, 'global', 'Logo Image', 'Logo Image'),
(1088, 1, 'global', 'Clear Image', 'Clear Image'),
(1089, 1, 'global', 'Description', 'Description'),
(1090, 1, 'global', 'Save', 'Save'),
(1091, 1, 'global', 'Configuration saved.', 'Configuration saved.'),
(1092, 1, 'global', 'Menus Items', 'Menus Items'),
(1093, 1, 'global', 'Add new Item', 'Add new Item'),
(1094, 1, 'global', 'Add new Menu', 'Add new Menu'),
(1095, 1, 'global', 'New Menu', 'New Menu'),
(1096, 1, 'global', 'Cancel', 'Cancel'),
(1097, 1, 'global', 'Hidden', 'Hidden'),
(1098, 1, 'global', 'Add SubMenu Item', 'Add SubMenu Item'),
(1099, 1, 'global', 'View', 'View'),
(1100, 1, 'global', 'Category', 'Category'),
(1101, 1, 'global', 'Add New Set', 'Add New Set'),
(1102, 1, 'global', 'New Category Set', 'New Category Set'),
(1103, 1, 'global', 'Module', 'Module'),
(1104, 1, 'global', 'Page type', 'Page type'),
(1105, 1, 'global', 'Category Set', 'Category Set'),
(1106, 1, 'global', 'Add new Page', 'Add new Page'),
(1107, 1, 'global', 'Format', 'Format'),
(1108, 1, 'global', 'HTML', 'HTML'),
(1109, 1, 'global', 'PHP', 'PHP'),
(1110, 1, 'global', 'Template Path', 'Template Path'),
(1111, 1, 'global', 'Advanced', 'Advanced'),
(1112, 1, 'global', 'Teaser Image', 'Teaser Image'),
(1113, 1, 'global', 'Meta', 'Meta'),
(1114, 1, 'global', 'Keywords', 'Keywords'),
(1115, 1, 'global', 'Field ''%field%'' is required by rule ''%rule%'', but the field is missing', 'Field ''%field%'' is required by rule ''%rule%'', but the field is missing'),
(1116, 1, 'global', 'You must give a non-empty value for field ''id''', 'You must give a non-empty value for field ''id'''),
(1117, 1, 'global', 'You must give a non-empty value for field ''code''', 'You must give a non-empty value for field ''code'''),
(1118, 1, 'global', 'You must give a non-empty value for field ''teaser''', 'You must give a non-empty value for field ''teaser'''),
(1119, 1, 'global', 'You must give a non-empty value for field ''meta''', 'You must give a non-empty value for field ''meta'''),
(1120, 1, 'global', 'You must give a non-empty value for field ''data''', 'You must give a non-empty value for field ''data'''),
(1121, 1, 'global', 'Page saved.', 'Page saved.'),
(1122, 1, 'global', 'published', 'published'),
(1123, 1, 'global', 'Select', 'Select'),
(1124, 1, 'global', 'Edit ''%s'' Menu Item', 'Edit ''%s'' Menu Item'),
(1125, 1, 'global', 'Menu Item Name', 'Menu Item Name'),
(1126, 1, 'global', 'Parent Menu', 'Parent Menu'),
(1127, 1, 'global', 'Parent', 'Parent'),
(1128, 1, 'global', 'Url Type', 'Url Type'),
(1129, 1, 'global', 'Direct Link', 'Direct Link'),
(1130, 1, 'global', 'default', 'default'),
(1131, 1, 'global', 'cms', 'cms'),
(1132, 1, 'global', 'URL part after language identificator', 'URL part after language identificator'),
(1133, 1, 'global', 'URL', 'URL'),
(1134, 1, 'global', 'Destination Module', 'Destination Module'),
(1135, 1, 'global', 'Change Page', 'Change Page'),
(1136, 1, 'global', 'Remove Page', 'Remove Page'),
(1137, 1, 'global', 'Remove', 'Remove'),
(1138, 1, 'global', 'Select Page', 'Select Page'),
(1139, 1, 'global', 'Additional parameters to be appended to URL in the form of &quot;name/value&quot;', 'Additional parameters to be appended to URL in the form of &quot;name/value&quot;'),
(1140, 1, 'global', 'Custom Params', 'Custom Params'),
(1141, 1, 'global', 'Link', 'Link'),
(1142, 1, 'global', 'Order Num', 'Order Num'),
(1143, 1, 'global', 'Yes', 'Yes'),
(1144, 1, 'global', 'No', 'No'),
(1145, 1, 'global', 'Target', 'Target'),
(1146, 1, 'global', 'self', 'self'),
(1147, 1, 'global', 'blank', 'blank'),
(1148, 1, 'global', 'Select Content Type', 'Select Content Type'),
(1149, 1, 'global', 'Content List', 'Content List'),
(1150, 1, 'global', 'Page Selected.', 'Page Selected.'),
(1151, 1, 'global', 'You must give a non-empty value for field ''page_id''', 'You must give a non-empty value for field ''page_id'''),
(1152, 1, 'global', 'You must give a non-empty value for field ''params''', 'You must give a non-empty value for field ''params'''),
(1153, 1, 'global', 'You must give a non-empty value for field ''params_old''', 'You must give a non-empty value for field ''params_old'''),
(1154, 1, 'global', 'You must give a non-empty value for field ''uri''', 'You must give a non-empty value for field ''uri'''),
(1155, 1, 'global', 'You must give a non-empty value for field ''target''', 'You must give a non-empty value for field ''target'''),
(1156, 1, 'global', 'Menu Item saved.', 'Menu Item saved.'),
(1157, 1, 'global', 'Add new ''%s'' Menu Item', 'Add new ''%s'' Menu Item'),
(1158, 1, 'global', 'URL is already assigned to an item from the menu.', 'URL is already assigned to an item from the menu.'),
(1159, 1, 'global', 'Page not found', 'Page not found'),
(1160, 2, 'global', 'German', '!German'),
(1161, 2, 'global', 'English', '!English'),
(1162, 2, 'global', 'French', '!French'),
(1163, 2, 'global', 'Italian', '!Italian'),
(1164, 1, 'global', 'The same URL Id already exists in some other page.', 'The same URL Id already exists in some other page.'),
(1165, 1, 'global', 'For this destination module, page is required.', 'For this destination module, page is required.'),
(1166, 1, 'global', 'You must give a non-empty value for field ''dialog_url''', 'You must give a non-empty value for field ''dialog_url'''),
(1167, 1, 'global', 'You must give a non-empty value for field ''route''', 'You must give a non-empty value for field ''route'''),
(1168, 1, 'global', 'You must give a non-empty value for field ''route_uri''', 'You must give a non-empty value for field ''route_uri'''),
(1169, 1, 'global', 'New Menu added', 'New Menu added'),
(1170, 2, 'global', 'NEWS', '!NEWS'),
(1171, 4, 'global', 'NEWS', '!NEWS'),
(1172, 4, 'global', 'German', '!German'),
(1173, 4, 'global', 'English', '!English'),
(1174, 4, 'global', 'French', '!French'),
(1175, 4, 'global', 'Italian', '!Italian'),
(1176, 5, 'global', 'NEWS', '!NEWS'),
(1177, 5, 'global', 'German', '!German'),
(1178, 5, 'global', 'English', '!English'),
(1179, 5, 'global', 'French', '!French'),
(1180, 5, 'global', 'Italian', '!Italian'),
(1181, 1, 'global', 'Import from excel', 'Import from excel'),
(1182, 1, 'global', 'XLS file template', 'XLS file template'),
(1183, 1, 'global', 'Import', 'Import'),
(1184, 1, 'global', 'Add new Image Slider', 'Add new Image Slider'),
(1185, 1, 'global', 'Target URL', 'Target URL'),
(1186, 1, 'global', 'Image settings', 'Image settings'),
(1187, 1, 'global', 'Image', 'Image'),
(1188, 1, 'global', 'Show in Slider', 'Show in Slider'),
(1189, 1, 'global', 'Order Number', 'Order Number'),
(1190, 1, 'global', 'You can set order number of the image manually, otherwise it will be 0.', 'You can set order number of the image manually, otherwise it will be 0.'),
(1191, 1, 'global', 'The mimetype of file ''%value%'' could not be detected', 'The mimetype of file ''%value%'' could not be detected'),
(1192, 1, 'global', 'Please specify valid URL which starts with http:// or https:// .', 'Please specify valid URL which starts with http:// or https:// .'),
(1193, 1, 'global', 'Page deleted.', 'Page deleted.'),
(1194, 1, 'global', 'Edit Image Slider', 'Edit Image Slider'),
(1195, 1, 'global', 'Are you sure you want to delete this Language', 'Are you sure you want to delete this Language'),
(1196, 1, 'global', 'Default Language', 'Default Language'),
(1197, 1, 'global', 'Front Enabled', 'Front Enabled'),
(1198, 1, 'global', ' contains characters which are not digits; but only digits are allowed ', ' contains characters which are not digits; but only digits are allowed '),
(1199, 1, 'global', 'Edit Language', 'Edit Language'),
(1200, 1, 'global', 'Language saved.', 'Language saved.'),
(1201, 1, 'global', 'G', 'G'),
(1202, 1, 'global', 'D', 'D'),
(1203, 1, 'global', 'E', 'E'),
(1204, 2, 'global', 'D', '!D'),
(1205, 2, 'global', 'E', '!E'),
(1206, 1, 'global', '''%value%'' appears to be a DNS hostname but cannot match TLD against known list', '''%value%'' appears to be a DNS hostname but cannot match TLD against known list'),
(1207, 1, 'global', 'Data Saved.', 'Data Saved.'),
(1208, 1, 'global', 'Are you sure you want to delete this File', 'Are you sure you want to delete this File'),
(1209, 1, 'global', 'Id', 'Id'),
(1210, 1, 'global', 'read more', 'mehr dazu'),
(1211, 2, 'global', 'read more', 'read more'),
(1212, 1, 'global', 'Edit Page', 'Edit Page');

-- --------------------------------------------------------

--
-- Table structure for table `translate_key`
--

CREATE TABLE IF NOT EXISTS `translate_key` (
  `id` int(11) unsigned NOT NULL AUTO_INCREMENT,
  `key` text NOT NULL,
  `menu_id` int(11) unsigned DEFAULT NULL,
  `type_id` int(11) unsigned DEFAULT NULL,
  PRIMARY KEY (`id`),
  UNIQUE KEY `key_idx` (`key`(100)),
  KEY `menu_id` (`menu_id`,`type_id`)
) ENGINE=MyISAM DEFAULT CHARSET=utf8 COMMENT='translation keys categorisation' AUTO_INCREMENT=1 ;

-- --------------------------------------------------------

--
-- Table structure for table `translate_language`
--

CREATE TABLE IF NOT EXISTS `translate_language` (
  `id` int(10) unsigned NOT NULL AUTO_INCREMENT,
  `code` varchar(5) NOT NULL,
  `name` varchar(20) NOT NULL,
  `default` enum('yes','no') NOT NULL DEFAULT 'no' COMMENT 'default language',
  `front_enabled` enum('yes','no') NOT NULL DEFAULT 'yes' COMMENT 'is lang available on frontend',
  PRIMARY KEY (`id`),
  UNIQUE KEY `code` (`code`)
) ENGINE=MyISAM  DEFAULT CHARSET=utf8 AUTO_INCREMENT=6 ;

--
-- Dumping data for table `translate_language`
--

INSERT INTO `translate_language` (`id`, `code`, `name`, `default`, `front_enabled`) VALUES
(1, 'de', 'D', 'yes', 'yes'),
(2, 'en', 'E', 'no', 'yes'),
(4, 'fr', 'French', 'no', 'no'),
(5, 'it', 'Italian', 'no', 'no');

-- --------------------------------------------------------

--
-- Table structure for table `translate_menu`
--

CREATE TABLE IF NOT EXISTS `translate_menu` (
  `id` int(11) unsigned NOT NULL AUTO_INCREMENT,
  `name` varchar(20) NOT NULL,
  PRIMARY KEY (`id`)
) ENGINE=MyISAM DEFAULT CHARSET=utf8 COMMENT='defines key cource pages' AUTO_INCREMENT=1 ;

-- --------------------------------------------------------

--
-- Table structure for table `translate_type`
--

CREATE TABLE IF NOT EXISTS `translate_type` (
  `id` int(11) unsigned NOT NULL AUTO_INCREMENT,
  `name` varchar(20) NOT NULL,
  PRIMARY KEY (`id`)
) ENGINE=MyISAM DEFAULT CHARSET=utf8 COMMENT='defines key types' AUTO_INCREMENT=1 ;

-- --------------------------------------------------------

--
-- Table structure for table `upgrade_db_log`
--

CREATE TABLE IF NOT EXISTS `upgrade_db_log` (
  `id` int(11) NOT NULL AUTO_INCREMENT,
  `file` varchar(255) DEFAULT NULL,
  `branch` varchar(10) NOT NULL DEFAULT 'trunk' COMMENT 'trunk or branch name',
  `username` varchar(100) DEFAULT NULL,
  `revision` int(11) DEFAULT NULL,
  `repos_dt` varchar(100) DEFAULT NULL,
  `insert_dt` datetime DEFAULT NULL,
  PRIMARY KEY (`id`)
) ENGINE=MyISAM DEFAULT CHARSET=utf8 COMMENT='Log table. All scripts should be logged here.' AUTO_INCREMENT=1 ;


INSERT INTO upgrade_db_log (
    file,
    branch,
    username,
    revision,
    repos_dt,
    insert_dt) 
values (substring_index(trim(both '$' from '$HeadURL: svn+sshp://radisa.no-ip.info/repos/web/apps/cms/branches/horisen_2015/docs/db/scripts/updb0001-init_script.sql $'),'/',-1),
    'horisen_2015',
    trim(TRAILING '$' from substring('$Author: boris $',locate(':','$Author: boris $')+1)),
    trim(TRAILING '$' from substring('$Revision: 24105 $',locate(':','$Revision: 24105 $')+1)),
    trim(TRAILING '$' from substring('$Date: 2014-09-16 10:38:24 +0200 (уто, 16 сеп 2014) $',locate(':','$Date: 2014-09-16 10:38:24 +0200 (уто, 16 сеп 2014) $')+1)),
    now());
