TRUNCATE TABLE `cms_menu_item`;
TRUNCATE TABLE `cms_menu_item_tr`;
TRUNCATE TABLE `cms_page`;
TRUNCATE TABLE `cms_page_tr`;
TRUNCATE TABLE `cms_route`;

--
-- Dumping data for table `cms_menu_item`
--

INSERT INTO `cms_menu_item` (`id`, `application_id`, `menu`, `level`, `parent_id`, `page_id`, `name`, `route`, `path`, `params`, `uri`, `ord_num`, `hidden`, `meta`, `target`) VALUES
(1, 1, 'main', 0, 0, NULL, 'Web Services', '', NULL, NULL, '', 1, 'no', NULL, NULL),
(2, 1, 'main', 0, 0, NULL, 'Social Media', '', NULL, NULL, '', 2, 'no', NULL, NULL),
(3, 1, 'main', 0, 0, NULL, 'Mobile Marketing', '', NULL, NULL, '', 3, 'no', NULL, NULL),
(4, 1, 'main', 0, 0, NULL, 'Telecom', '', NULL, NULL, '', 4, 'no', NULL, NULL),
(5, 1, 'main', 0, 0, NULL, 'Design/Graphics', '', NULL, NULL, '', 5, 'no', NULL, NULL),
(6, 1, 'main', 0, 0, NULL, 'Produkte', '', NULL, NULL, '', 6, 'no', NULL, NULL),
(7, 1, 'main', 0, 0, NULL, 'Wir für Sie', '', NULL, NULL, '', 7, 'no', NULL, NULL),
(8, 1, 'main', 1, 1, 2, 'Webseiten (responsive)', 'cms', 'cms/page/index', NULL, '', 1, 'no', NULL, NULL),
(9, 1, 'main', 1, 2, 4, 'MFA', 'cms', 'cms/page/index', 'section/social-media', '', 1, 'no', NULL, NULL),
(10, 1, 'main', 1, 2, 5, 'App-Entwicklung', 'cms', 'cms/page/index', NULL, '', 2, 'no', NULL, NULL),
(11, 1, 'main', 1, 2, 6, 'Konzept/Beratung', 'cms', 'cms/page/index', NULL, '', 3, 'no', NULL, NULL),
(12, 1, 'main', 1, 2, 7, 'FB-Werbung', 'cms', 'cms/page/index', NULL, '', 4, 'no', NULL, NULL),
(13, 1, 'main', 1, 2, 8, 'Moderation', 'cms', 'cms/page/index', NULL, '', 5, 'no', NULL, NULL),
(14, 1, 'main', 1, 3, 9, 'SMS Massenversand (Bulk SMS) ', 'cms', 'cms/page/index', NULL, '', 1, 'no', NULL, NULL),
(15, 1, 'main', 1, 3, 10, 'SMS Newsletter', 'cms', 'cms/page/index', NULL, '', 2, 'no', NULL, NULL),
(16, 1, 'main', 1, 3, 11, 'SMS Gewinnspiele', 'cms', 'cms/page/index', NULL, '', 3, 'no', NULL, NULL),
(17, 1, 'main', 1, 3, 12, 'SMS Voting', 'cms', 'cms/page/index', NULL, '', 4, 'no', NULL, NULL),
(18, 1, 'main', 1, 3, 13, 'Premium SMS', 'cms', 'cms/page/index', NULL, '', 5, 'no', NULL, NULL),
(19, 1, 'main', 1, 3, 14, 'Inbound SMS Service', 'cms', 'cms/page/index', NULL, '', 6, 'no', NULL, NULL),
(20, 1, 'main', 1, 3, 15, 'Bezahlen per SMS', 'cms', 'cms/page/index', NULL, '', 7, 'no', NULL, NULL),
(21, 1, 'main', 1, 4, 16, 'Bulk SMS für Carrier', 'cms', 'cms/page/index', NULL, '', 1, 'no', NULL, NULL),
(22, 1, 'main', 1, 4, 17, 'Telefon Gewinnspiele', 'cms', 'cms/page/index', NULL, '', 2, 'no', NULL, NULL),
(23, 1, 'main', 1, 4, 18, 'Telefon Voting', 'cms', 'cms/page/index', NULL, '', 3, 'no', NULL, NULL),
(24, 1, 'main', 1, 4, 19, 'Rufnummer Hosting', 'cms', 'cms/page/index', NULL, '', 4, 'no', NULL, NULL),
(58, 1, 'main', 1, 5, 20, 'Beratung/Konzept', 'cms', 'cms/page/index', NULL, '', 1, 'no', NULL, NULL),
(26, 1, 'main', 1, 5, 21, 'Designs', 'cms', 'cms/page/index', NULL, '', 2, 'no', NULL, NULL),
(27, 1, 'main', 1, 5, 23, 'Video', 'cms', 'cms/page/index', NULL, '', 3, 'no', NULL, NULL),
(28, 1, 'main', 1, 5, 24, 'Angebote', 'cms', 'cms/page/index', NULL, '', 4, 'no', NULL, NULL),
(29, 1, 'main', 1, 6, 25, 'iCard', 'cms', 'cms/page/index', NULL, '', 1, 'no', NULL, NULL),
(30, 1, 'main', 1, 6, 26, 'Megapromo', 'cms', 'cms/page/index', NULL, '', 2, 'no', NULL, NULL),
(31, 1, 'main', 1, 6, 27, 'SMS&Park', 'cms', 'cms/page/index', NULL, '', 3, 'no', NULL, NULL),
(32, 1, 'main', 1, 6, 28, 'SMS&Win', 'cms', 'cms/page/index', NULL, '', 4, 'no', NULL, NULL),
(60, 1, 'main', 1, 6, 4, 'MFA', 'cms', 'cms/page/index', 'section/produkte', '', 5, 'no', NULL, NULL),
(34, 1, 'main', 1, 6, 29, 'Call&Pay', 'cms', 'cms/page/index', NULL, '', 6, 'no', NULL, NULL),
(35, 1, 'main', 1, 6, 30, 'Intranet Apps', 'cms', 'cms/page/index', NULL, '', 7, 'no', NULL, NULL),
(36, 1, 'main', 1, 7, NULL, 'Kontakt', 'cms', 'news/page/list', NULL, '', 1, 'no', NULL, NULL),
(37, 1, 'main', 1, 7, 31, 'Marketing Technologie', 'cms', 'cms/page/index', NULL, '', 2, 'no', NULL, NULL),
(38, 1, 'main', 1, 7, 32, 'Über uns (+Philosophie)', 'cms', 'cms/page/index', NULL, '', 3, 'no', NULL, NULL),
(39, 1, 'main', 1, 7, 33, 'Team', 'cms', 'cms/page/index', NULL, '', 4, 'no', NULL, NULL),
(40, 1, 'main', 1, 7, 34, 'Kompetenzen', 'cms', 'cms/page/index', NULL, '', 5, 'no', NULL, NULL),
(41, 1, 'main', 1, 7, 35, 'Auszeichnungen (top-rating.ch)', 'cms', 'cms/page/index', NULL, '', 6, 'no', NULL, NULL),
(42, 1, 'main', 1, 1, 3, 'Hosting (Web/Mail)', 'cms', 'cms/page/index', NULL, '', 6, 'no', NULL, NULL),
(43, 1, 'main', 1, 1, 36, 'Landingpage', 'cms', 'cms/page/index', NULL, '', 2, 'no', NULL, NULL),
(44, 1, 'main', 1, 1, 37, 'Web-Apps', 'cms', 'cms/page/index', NULL, '', 3, 'no', NULL, NULL),
(45, 1, 'main', 1, 1, 38, 'Domains', 'cms', 'cms/page/index', NULL, '', 5, 'no', NULL, NULL),
(46, 1, 'main', 1, 1, 39, 'Datacenter', 'cms', 'cms/page/index', NULL, '', 7, 'no', NULL, NULL),
(47, 1, 'main', 1, 1, 40, 'Google Ads', 'cms', 'cms/page/index', NULL, '', 4, 'no', NULL, NULL),
(48, 1, 'footer', 0, 0, NULL, 'Kontakt', '', NULL, NULL, '', 1, 'no', NULL, NULL),
(49, 1, 'footer', 1, 48, 57, 'Blog', 'cms', 'cms/page/index', NULL, '', 2, 'no', NULL, NULL),
(51, 1, 'footer', 1, 48, 56, 'Jobs', 'cms', 'cms/page/index', NULL, '', 2, 'no', NULL, NULL),
(52, 1, 'footer', 0, 0, NULL, 'Rechtliches', '', NULL, NULL, '', 2, 'no', NULL, NULL),
(53, 1, 'footer', 1, 52, 42, 'Impressum', 'cms', 'cms/page/index', NULL, '', 1, 'no', NULL, NULL),
(54, 1, 'footer', 1, 52, 43, 'AGB', 'cms', 'cms/page/index', NULL, '', 2, 'no', NULL, NULL),
(55, 1, 'footer', 0, 0, NULL, 'Hilfe', '', NULL, NULL, '', 3, 'no', NULL, NULL),
(56, 1, 'footer', 1, 55, 45, 'API Manuals', 'cms', 'cms/page/index', NULL, '', 1, 'no', NULL, NULL),
(57, 1, 'footer', 1, 55, NULL, 'Sitemap', 'cms', 'cms/sitemap/index', NULL, '', 2, 'no', NULL, NULL);

--
-- Dumping data for table `cms_menu_item_tr`
--

INSERT INTO `cms_menu_item_tr` (`id`, `language`, `translation_id`, `name`, `uri`, `meta`) VALUES
(28, 'de', 2, 'Social Media', NULL, NULL),
(29, 'de', 3, 'Mobile Marketing', NULL, NULL),
(30, 'de', 4, 'Telecom', NULL, NULL),
(31, 'de', 5, 'Design/Graphics', NULL, NULL),
(32, 'de', 6, 'Produkte', NULL, NULL),
(33, 'de', 7, 'Wir für Sie', NULL, NULL),
(34, 'de', 8, 'Webseiten (responsive)', NULL, NULL),
(35, 'de', 9, 'MFA', NULL, NULL),
(36, 'de', 10, 'App-Entwicklung', NULL, NULL),
(37, 'de', 11, 'Konzept/Beratung', NULL, NULL),
(38, 'de', 12, 'FB-Werbung', NULL, NULL),
(39, 'de', 13, 'Moderation', NULL, NULL),
(40, 'de', 14, 'SMS Massenversand (Bulk SMS) ', NULL, NULL),
(41, 'de', 15, 'SMS Newsletter', NULL, NULL),
(42, 'de', 16, 'SMS Gewinnspiele', NULL, NULL),
(43, 'de', 17, 'SMS Voting', NULL, NULL),
(44, 'de', 18, 'Premium SMS', NULL, NULL),
(45, 'de', 19, 'Inbound SMS Service', NULL, NULL),
(46, 'de', 20, 'Bezahlen per SMS', NULL, NULL),
(47, 'de', 21, 'Bulk SMS für Carrier', NULL, NULL),
(48, 'de', 22, 'Telefon Gewinnspiele', NULL, NULL),
(49, 'de', 23, 'Telefon Voting', NULL, NULL),
(50, 'de', 24, 'Rufnummer Hosting', NULL, NULL),
(97, 'en', 28, 'Offers', NULL, NULL),
(52, 'de', 26, 'Designs', NULL, NULL),
(53, 'de', 27, 'Video', NULL, NULL),
(54, 'de', 28, 'Angebote', NULL, NULL),
(55, 'de', 29, 'iCard', NULL, NULL),
(56, 'de', 30, 'Megapromo', NULL, NULL),
(57, 'de', 31, 'SMS&Park', NULL, NULL),
(58, 'de', 32, 'SMS&Win', NULL, NULL),
(127, 'de', 60, 'MFA', NULL, NULL),
(60, 'de', 34, 'Call&Pay', NULL, NULL),
(61, 'de', 35, 'Intranet Apps', NULL, NULL),
(62, 'de', 36, 'Kontakt', NULL, NULL),
(63, 'de', 37, 'Marketing Technologie', NULL, NULL),
(64, 'de', 38, 'Über uns (+Philosophie)', NULL, NULL),
(65, 'de', 39, 'Team', NULL, NULL),
(66, 'de', 40, 'Kompetenzen', NULL, NULL),
(67, 'de', 41, 'Auszeichnungen (top-rating.ch)', NULL, NULL),
(68, 'de', 42, 'Hosting (Web/Mail)', NULL, NULL),
(69, 'de', 43, 'Landingpage', NULL, NULL),
(70, 'de', 44, 'Web-Apps', NULL, NULL),
(71, 'de', 45, 'Domains', NULL, NULL),
(72, 'de', 46, 'Datacenter', NULL, NULL),
(73, 'de', 47, 'Google Ads', NULL, NULL),
(74, 'de', 48, 'Kontakt', NULL, NULL),
(75, 'de', 49, 'Blog', '', NULL),
(77, 'de', 51, 'Jobs', 'www.google.com', NULL),
(78, 'de', 52, 'Rechtliches', NULL, NULL),
(79, 'de', 53, 'Impressum', NULL, NULL),
(80, 'de', 54, 'AGB', NULL, NULL),
(81, 'de', 55, 'Hilfe', NULL, NULL),
(82, 'de', 56, 'API Manuals', NULL, NULL),
(83, 'de', 57, 'Sitemap', NULL, NULL),
(84, 'de', 1, 'Web Services', NULL, NULL),
(85, 'en', 7, 'We for you', NULL, NULL),
(86, 'en', 6, 'Products', NULL, NULL),
(87, 'en', 48, 'Contact', NULL, NULL),
(88, 'en', 36, 'Contact', NULL, NULL),
(89, 'en', 38, 'About us', NULL, NULL),
(90, 'en', 37, 'Marketing Technology', NULL, NULL),
(91, 'en', 40, 'Competencies', NULL, NULL),
(92, 'en', 41, 'Awards', NULL, NULL),
(93, 'en', 39, 'Team', NULL, NULL),
(96, 'de', 58, 'Beratung/Konzept', NULL, NULL),
(95, 'en', 11, 'Concept/consulting', NULL, NULL),
(98, 'en', 26, 'Designs', NULL, NULL),
(99, 'en', 27, 'Video', NULL, NULL),
(100, 'en', 29, 'iCard', NULL, NULL),
(101, 'en', 30, 'Megapromo', NULL, NULL),
(102, 'en', 31, 'SMS&Park', NULL, NULL),
(103, 'en', 32, 'SMS&Win', NULL, NULL),
(104, 'en', 34, 'Call&Pay', NULL, NULL),
(105, 'en', 35, 'Intranet Apps', NULL, NULL),
(106, 'en', 21, 'Bulk SMS for Carrier', NULL, NULL),
(107, 'en', 22, 'Phone contest', NULL, NULL),
(108, 'en', 23, 'Telephone Voting', NULL, NULL),
(109, 'en', 24, 'Number Hosting', NULL, NULL),
(110, 'en', 14, 'SMS mass mailing', NULL, NULL),
(111, 'en', 15, 'SMS Newsletter', NULL, NULL),
(112, 'en', 16, 'SMS Winning game', NULL, NULL),
(113, 'en', 17, 'SMS Voting', NULL, NULL),
(114, 'en', 18, 'Premium SMS', NULL, NULL),
(115, 'en', 19, 'Inbound SMS Service', NULL, NULL),
(116, 'en', 20, 'Pay by SMS', NULL, NULL),
(117, 'en', 10, 'App Development', NULL, NULL),
(118, 'en', 12, 'FB advertising', NULL, NULL),
(119, 'en', 13, 'Presentation', NULL, NULL),
(120, 'en', 8, 'Websites', NULL, NULL),
(121, 'en', 43, 'Landingpage', NULL, NULL),
(122, 'en', 44, 'Web-Apps', NULL, NULL),
(123, 'en', 47, 'Google Ads', NULL, NULL),
(124, 'en', 45, 'Domains', NULL, NULL),
(125, 'en', 42, 'Hosting (Web/Mail)', NULL, NULL),
(126, 'en', 46, 'Datacenter', NULL, NULL),
(128, 'en', 53, 'Impressum', NULL, NULL),
(129, 'en', 54, 'AGB', NULL, NULL),
(130, 'en', 52, 'Terms of Use', NULL, NULL),
(131, 'en', 55, 'Help', NULL, NULL),
(132, 'en', 56, 'API Manuals', NULL, NULL),
(133, 'en', 58, 'Consulting/Concept', NULL, NULL);

--
-- Dumping data for table `cms_page`
--

INSERT INTO `cms_page` (`id`, `code`, `url_id`, `application_id`, `type_id`, `user_id`, `posted`, `format`, `title`, `content`, `status`, `teaser`, `data`, `meta`, `content_type`) VALUES
(1, '', 'underconstruction', 1, 1, 1, '2014-09-03 15:14:29', 'html', 'Underconstruction', '<p>Under Construction</p>', 'published', NULL, '{"teaser_image":""}', '{"keywords":"","description":""}', 'PUBLIC'),
(2, '', 'webseiten', 1, 1, 1, '2014-09-03 15:20:32', 'html', 'Webseiten', '<p>Webseiten (responsive)</p>', 'published', NULL, '{"teaser_image":""}', '{"keywords":"webseiten,responsive","description":"Webseiten (responsive)"}', 'PUBLIC'),
(3, '', 'hosting-web-mail', 1, 1, 1, '2014-09-03 15:21:22', 'html', 'Hosting (Web/Mail)', '<p>Hosting (Web/Mail)</p>', 'published', NULL, '{"teaser_image":""}', '{"keywords":"hosting,Web,Mail","description":"Hosting (Web\\/Mail)"}', 'PUBLIC'),
(4, '', 'mfa', 1, 1, 1, '2014-09-03 15:23:55', 'html', 'MFA', '<p>MFA</p>', 'published', NULL, '{"teaser_image":""}', '{"keywords":"","description":""}', 'PUBLIC'),
(5, '', 'app-entwicklung', 1, 1, 1, '2014-09-03 15:25:50', 'html', 'App-Entwicklung', '<p>App-Entwicklung</p>', 'published', NULL, '{"teaser_image":""}', '{"keywords":"","description":""}', 'PUBLIC'),
(6, '', 'konzept-beratung', 1, 1, 1, '2014-09-03 15:28:52', 'html', 'Konzept/Beratung', '<p>Konzept/Beratung</p>', 'published', NULL, '{"teaser_image":""}', '{"keywords":"","description":""}', 'PUBLIC'),
(7, '', 'fb-werbung', 1, 1, 1, '2014-09-03 16:02:17', 'html', 'FB-Werbung', '<p>FB-Werbung</p>', 'published', NULL, '{"teaser_image":""}', '{"keywords":"","description":""}', 'PUBLIC'),
(8, '', 'moderation', 1, 1, 1, '2014-09-03 16:02:29', 'html', 'Moderation', '<p>Moderation</p>', 'published', NULL, '{"teaser_image":""}', '{"keywords":"","description":""}', 'PUBLIC'),
(9, '', 'sms-massenversand', 1, 1, 1, '2014-09-03 16:04:47', 'html', 'SMS Massenversand', '<p>SMS Massenversand (Bulk SMS)</p>', 'published', NULL, '{"teaser_image":""}', '{"keywords":"","description":""}', 'PUBLIC'),
(10, '', 'sms-newsletter', 1, 1, 1, '2014-09-03 16:05:59', 'html', 'SMS Newsletter', '<p>SMS Newsletter</p>', 'published', NULL, '{"teaser_image":""}', '{"keywords":"","description":""}', 'PUBLIC'),
(11, '', 'sms-gewinnspiele', 1, 1, 1, '2014-09-03 16:07:07', 'path', 'SMS Gewinnspiele', 'sms-gewinnspiele.phtml', 'published', NULL, '{"teaser_image":""}', '{"keywords":"","description":""}', 'PUBLIC'),
(12, '', 'sms-voting', 1, 1, 1, '2014-09-03 16:07:16', 'html', 'SMS Voting', '<p>SMS Voting</p>', 'published', NULL, '{"teaser_image":""}', '{"keywords":"","description":""}', 'PUBLIC'),
(13, '', 'premium-sms', 1, 1, 1, '2014-09-03 16:07:25', 'html', 'Premium SMS', '<p>Premium SMS</p>', 'published', NULL, '{"teaser_image":""}', '{"keywords":"","description":""}', 'PUBLIC'),
(14, '', 'inbound-sms-service', 1, 1, 1, '2014-09-03 16:07:40', 'html', 'Inbound SMS Service', '<p>inbound SMS Service</p>', 'published', NULL, '{"teaser_image":""}', '{"keywords":"","description":""}', 'PUBLIC'),
(15, '', 'bezahlen-per-sms', 1, 1, 1, '2014-09-03 16:07:49', 'html', 'Bezahlen per SMS', '<p>Bezahlen per SMS</p>', 'published', NULL, '{"teaser_image":""}', '{"keywords":"","description":""}', 'PUBLIC'),
(16, '', 'bulk-sms-fuer-carrier', 1, 1, 1, '2014-09-04 08:43:43', 'html', 'Bulk SMS für Carrier', '<p>Bulk SMS f&uuml;r Carrier</p>', 'published', NULL, '{"teaser_image":""}', '{"keywords":"","description":""}', 'PUBLIC'),
(17, '', 'telefon-gewinnspiele', 1, 1, 1, '2014-09-04 08:43:53', 'html', 'Telefon Gewinnspiele', '<p>Telefon Gewinnspiele</p>', 'published', NULL, '{"teaser_image":""}', '{"keywords":"","description":""}', 'PUBLIC'),
(18, '', 'telefon-voting', 1, 1, 1, '2014-09-04 08:44:02', 'html', 'Telefon Voting', '<p>Telefon Voting</p>', 'published', NULL, '{"teaser_image":""}', '{"keywords":"","description":""}', 'PUBLIC'),
(19, '', 'rufnummer-hosting', 1, 1, 1, '2014-09-04 08:44:14', 'html', 'Rufnummer Hosting', '<p>Rufnummer Hosting</p>', 'published', NULL, '{"teaser_image":""}', '{"keywords":"","description":""}', 'PUBLIC'),
(20, '', 'beratung-konzept', 1, 1, 1, '2014-09-04 08:47:55', 'html', 'Beratung/Konzept', '<div class="row">\r\n<div class="col-lg-12 newsTitle">\r\n<h1>Gestaltung</h1>\r\n<span>tragt zu deinem Image bei</span></div>\r\n<div class="col-lg-8">\r\n<p>Platzhaltertext auf zwei Zeilen. Boribus maio aum qui tem fuga. Mendent oremporem non reis ium volum quaerepro ime vel min cusa quam, opta doluptam eium nobitinvel id mos exerenti con eatiate ndanis a cus archill enecto excearum ecendel.</p>\r\n</div>\r\n</div>\r\n<div class="row">\r\n<h3>Unsere Bereiche</h3>\r\n<div class="col-lg-3">\r\n<ul>\r\n<li>Beratung, Analyse und Optimierung</li>\r\n<li>Logodesign</li>\r\n<li>Corporate Design</li>\r\n<li>Bildearbeitung und Illustrationen</li>\r\n<li>Flyer - und inserategestaltung</li>\r\n<li>Broschurengestaltung</li>\r\n</ul>\r\n</div>\r\n<div class="col-lg-3">\r\n<ul>\r\n<li>Beratung, Analyse und Optimierung</li>\r\n<li>Logodesign</li>\r\n<li>Corporate Design</li>\r\n<li>Bildearbeitung und Illustrationen</li>\r\n<li>Flyer - und inserategestaltung</li>\r\n<li>Broschurengestaltung</li>\r\n</ul>\r\n</div>\r\n</div>', 'published', '', '{"teaser_image":""}', '{"keywords":"","description":""}', 'PUBLIC'),
(21, '', 'designs', 1, 1, 1, '2014-09-04 08:48:55', 'html', 'Designs', '<p>Designs</p>', 'published', NULL, '{"teaser_image":""}', '{"keywords":"","description":""}', 'PUBLIC'),
(22, '', 'inserate-plakate-etc', 1, 1, 1, '2014-09-04 08:49:10', 'html', '(Inserate/Plakate etc)', '<p>(Inserate/Plakate etc)</p>', 'published', NULL, '{"teaser_image":""}', '{"keywords":"","description":""}', 'PUBLIC'),
(23, '', 'video-webvideo', 1, 1, 1, '2014-09-04 08:49:19', 'html', 'Video (Webvideo)', '<p>Video (Webvideo)</p>', 'published', NULL, '{"teaser_image":""}', '{"keywords":"","description":""}', 'PUBLIC'),
(24, '', 'angebote', 1, 1, 1, '2014-09-04 08:49:34', 'html', 'Angebote', '<p>Angebote</p>', 'published', NULL, '{"teaser_image":""}', '{"keywords":"","description":""}', 'PUBLIC'),
(25, '', 'icard', 1, 1, 1, '2014-09-04 09:05:23', 'html', 'iCard', '<p>iCard</p>', 'published', NULL, '{"teaser_image":""}', '{"keywords":"","description":""}', 'PUBLIC'),
(26, '', 'megapromo', 1, 1, 1, '2014-09-04 09:05:32', 'html', 'Megapromo', '<p>Megapromo</p>', 'published', NULL, '{"teaser_image":""}', '{"keywords":"","description":""}', 'PUBLIC'),
(27, '', 'smspark', 1, 1, 1, '2014-09-04 09:05:42', 'html', 'SMS&Park', '<p>SMS&amp;Park</p>', 'published', NULL, '{"teaser_image":""}', '{"keywords":"","description":""}', 'PUBLIC'),
(28, '', 'smswin', 1, 1, 1, '2014-09-04 09:05:52', 'html', 'SMS&Win', '<p>SMS&amp;Win</p>', 'published', NULL, '{"teaser_image":""}', '{"keywords":"","description":""}', 'PUBLIC'),
(29, '', 'callpay', 1, 1, 1, '2014-09-04 09:06:24', 'html', 'Call&Pay', '<p>Call&amp;Pay</p>', 'published', NULL, '{"teaser_image":""}', '{"keywords":"","description":""}', 'PUBLIC'),
(30, '', 'intranet-apps', 1, 1, 1, '2014-09-04 09:06:36', 'html', 'Intranet Apps', '<p>Intranet Apps</p>', 'published', NULL, '{"teaser_image":""}', '{"keywords":"","description":""}', 'PUBLIC'),
(31, '', 'marketing-technologie', 1, 1, 1, '2014-09-04 09:07:02', 'html', 'Marketing Technologie', '<p>Marketing Technologie</p>', 'published', NULL, '{"teaser_image":""}', '{"keywords":"","description":""}', 'PUBLIC'),
(32, '', 'ueber-uns', 1, 1, 1, '2014-09-04 09:07:14', 'html', 'Über uns', '<p>&Uuml;ber uns (+Philosophie)</p>', 'published', NULL, '{"teaser_image":""}', '{"keywords":"","description":""}', 'PUBLIC'),
(33, '', 'team', 1, 1, 1, '2014-09-04 09:07:23', 'html', 'Team', '<p>Team</p>', 'published', NULL, '{"teaser_image":""}', '{"keywords":"","description":""}', 'PUBLIC'),
(34, '', 'kompetenzen', 1, 1, 1, '2014-09-04 09:07:30', 'html', 'Kompetenzen', '<p>Kompetenzen</p>', 'published', NULL, '{"teaser_image":""}', '{"keywords":"","description":""}', 'PUBLIC'),
(35, '', 'auszeichnungen', 1, 1, 1, '2014-09-04 09:07:43', 'html', 'Auszeichnungen', '<p>Auszeichnungen (top-rating.ch)</p>', 'published', NULL, '{"teaser_image":""}', '{"keywords":"","description":""}', 'PUBLIC'),
(36, '', 'landingpage', 1, 1, 1, '2014-09-04 10:12:18', 'html', 'Landingpage', '<p>Landingpage</p>', 'published', NULL, '{"teaser_image":""}', '{"keywords":"","description":""}', 'PUBLIC'),
(37, '', 'web-apps', 1, 1, 1, '2014-09-04 10:12:26', 'html', 'Web-Apps', '<p>Web-Apps</p>', 'published', NULL, '{"teaser_image":""}', '{"keywords":"","description":""}', 'PUBLIC'),
(38, '', 'domains', 1, 1, 1, '2014-09-04 10:12:35', 'html', 'Domains', '<p>Domains</p>', 'published', NULL, '{"teaser_image":""}', '{"keywords":"","description":""}', 'PUBLIC'),
(39, '', 'datacenter', 1, 1, 1, '2014-09-04 10:12:41', 'html', 'Datacenter', '<p>Datacenter</p>', 'published', NULL, '{"teaser_image":""}', '{"keywords":"","description":""}', 'PUBLIC'),
(40, '', 'google-ads', 1, 1, 1, '2014-09-04 10:12:50', 'html', 'Google Ads', '<p>Google Ads(Adwords)</p>', 'published', '', '{"teaser_image":""}', '{"keywords":"","description":""}', 'PUBLIC'),
(41, '', 'rechtliches', 1, 1, 1, '2014-09-04 11:37:38', 'html', 'Rechtliches', '<p>Rechtliches</p>', 'published', NULL, '{"teaser_image":""}', '{"keywords":"","description":""}', 'PUBLIC'),
(42, '', 'impressum', 1, 1, 1, '2014-09-04 11:37:46', 'html', 'Impressum', '<p>Impressum</p>', 'published', NULL, '{"teaser_image":""}', '{"keywords":"","description":""}', 'PUBLIC'),
(43, '', 'agb', 1, 1, 1, '2014-09-04 11:37:56', 'html', 'AGB', '<p>AGB</p>', 'published', NULL, '{"teaser_image":""}', '{"keywords":"","description":""}', 'PUBLIC'),
(44, '', 'hilfe', 1, 1, 1, '2014-09-04 11:38:06', 'html', 'Hilfe', '<p>Hilfe</p>', 'published', NULL, '{"teaser_image":""}', '{"keywords":"","description":""}', 'PUBLIC'),
(45, '', 'api-manuals', 1, 1, 1, '2014-09-04 11:38:12', 'html', 'API Manuals', '<p>API Manuals</p>', 'published', NULL, '{"teaser_image":""}', '{"keywords":"","description":""}', 'PUBLIC'),
(46, '', 'social-horisen', 1, 1, 1, '2014-09-04 11:38:27', 'html', 'Social Horisen', '<p>Social Horisen</p>', 'published', NULL, '{"teaser_image":""}', '{"keywords":"","description":""}', 'PUBLIC'),
(47, '', 'fb', 1, 1, 1, '2014-09-04 11:38:34', 'html', 'FB', '<p>FB</p>', 'published', NULL, '{"teaser_image":""}', '{"keywords":"","description":""}', 'PUBLIC'),
(48, '', 'pinterest', 1, 1, 1, '2014-09-04 11:38:41', 'html', 'Pinterest', '<p>Pinterest</p>', 'published', NULL, '{"teaser_image":""}', '{"keywords":"","description":""}', 'PUBLIC'),
(49, '', 'youtube', 1, 1, 1, '2014-09-04 11:38:48', 'html', 'Youtube', '<p>Youtube</p>', 'published', NULL, '{"teaser_image":""}', '{"keywords":"","description":""}', 'PUBLIC'),
(50, '', 'twitter', 1, 1, 1, '2014-09-04 11:38:56', 'html', 'Twitter', '<p>Twitter</p>', 'published', NULL, '{"teaser_image":""}', '{"keywords":"","description":""}', 'PUBLIC'),
(51, '', 'flickr', 1, 1, 1, '2014-09-04 11:39:04', 'html', 'Flickr', '<p>Flickr</p>', 'published', NULL, '{"teaser_image":""}', '{"keywords":"","description":""}', 'PUBLIC'),
(52, '', 'instagram', 1, 1, 1, '2014-09-04 11:39:12', 'html', 'Instagram', '<p>Instagram</p>', 'published', NULL, '{"teaser_image":""}', '{"keywords":"","description":""}', 'PUBLIC'),
(55, '', 'slider-image', 1, 13, 1, '2014-09-05 11:22:12', 'html', 'Slider Image', '', 'published', '', '{"img":"slider_images\\/slideImages.jpg","show":"1","teaser":"","order":"2","target":""}', NULL, 'PUBLIC'),
(54, '', 'slider-images', 1, 13, 1, '2014-09-05 11:20:46', 'html', 'Slider Images', '', 'published', '', '{"img":"slider_images\\/slideImages.jpg","show":"1","teaser":"","order":"1","target":""}', NULL, 'PUBLIC'),
(56, '', 'jobs', 1, 1, 1, '2014-09-04 11:38:12', 'html', 'Jobs', '<p>Jobs</p>', 'published', NULL, '{"teaser_image":""}', '{"keywords":"","description":""}', 'PUBLIC'),
(57, '', 'jobs', 1, 1, 1, '2014-09-04 11:38:12', 'html', 'Blog', '<p>Blog</p>', 'published', NULL, '{"teaser_image":""}', '{"keywords":"","description":""}', 'PUBLIC'),
(58, '', 'search', 1, 1, 1, '2014-10-23 16:08:03', 'php', 'Search', '<gcse:searchresults-only></gcse:searchresults-only>', 'published', '', '{"teaser_image":""}', '{"keywords":"","description":""}', 'PUBLIC'),
(59, '', 'home', 1, 1, 1, '2014-09-04 11:38:48', 'path', 'Home', 'home.phtml', 'published', NULL, '{"teaser_image":""}', '{"keywords":"","description":""}', 'PUBLIC'),
(60, '', 'intro', 1, 1, 1, '2014-09-04 11:38:48', 'path', 'Intro', 'intro.phtml', 'published', NULL, '{"teaser_image":""}', '{"keywords":"","description":""}', 'PUBLIC');

--
-- Dumping data for table `cms_page_tr`
--

INSERT INTO `cms_page_tr` (`id`, `language`, `translation_id`, `url_id`, `title`, `content`, `teaser`, `data`, `meta`) VALUES
(1, 'de', 1, 'underconstruction', 'Underconstruction', '<p>Under Construction</p>', NULL, '{"teaser_image":""}', '{"keywords":"","description":""}'),
(2, 'de', 2, 'webseiten-responsive', 'Webseiten (responsive)', '<p>Webseiten (responsive)</p>', NULL, '{"teaser_image":""}', '{"keywords":"webseiten,responsive","description":"Webseiten (responsive)"}'),
(3, 'de', 3, 'hosting-web-mail', 'Hosting (Web/Mail)', '<p>Hosting (Web/Mail)</p>', NULL, '{"teaser_image":""}', '{"keywords":"hosting,Web,Mail","description":"Hosting (Web\\/Mail)"}'),
(4, 'de', 4, 'mfa', 'MFA', '<p>MFA</p>', NULL, '{"teaser_image":""}', '{"keywords":"","description":""}'),
(5, 'de', 5, 'app-entwicklung', 'App-Entwicklung', '<p>App-Entwicklung</p>', NULL, '{"teaser_image":""}', '{"keywords":"","description":""}'),
(6, 'de', 6, 'konzept-beratung', 'Konzept/Beratung', '<p>Konzept/Beratung</p>', NULL, '{"teaser_image":""}', '{"keywords":"","description":""}'),
(7, 'de', 7, 'fb-werbung', 'FB-Werbung', '<p>FB-Werbung</p>', NULL, '{"teaser_image":""}', '{"keywords":"","description":""}'),
(8, 'de', 8, 'moderation', 'Moderation', '<p>Moderation</p>', NULL, '{"teaser_image":""}', '{"keywords":"","description":""}'),
(9, 'de', 9, 'sms-massenversand-bulk-sms', 'SMS Massenversand (Bulk SMS)', '<p>SMS Massenversand (Bulk SMS)</p>', NULL, '{"teaser_image":""}', '{"keywords":"","description":""}'),
(10, 'de', 10, 'sms-newsletter', 'SMS Newsletter', '<p>SMS Newsletter</p>', NULL, '{"teaser_image":""}', '{"keywords":"","description":""}'),
(11, 'de', 11, 'sms-gewinnspiele', 'SMS Gewinnspiele', '<p>SMS Gewinnspiele</p>', NULL, '{"teaser_image":""}', '{"keywords":"","description":""}'),
(12, 'de', 12, 'sms-voting', 'SMS Voting', '<p>SMS Voting</p>', NULL, '{"teaser_image":""}', '{"keywords":"","description":""}'),
(13, 'de', 13, 'premium-sms', 'Premium SMS', '<p>Premium SMS</p>', NULL, '{"teaser_image":""}', '{"keywords":"","description":""}'),
(14, 'de', 14, 'inbound-sms-service', 'Inbound SMS Service', '<p>inbound SMS Service</p>', NULL, '{"teaser_image":""}', '{"keywords":"","description":""}'),
(15, 'de', 15, 'bezahlen-per-sms', 'Bezahlen per SMS', '<p>Bezahlen per SMS</p>', NULL, '{"teaser_image":""}', '{"keywords":"","description":""}'),
(16, 'de', 16, 'bulk-sms-fuer-carrier', 'Bulk SMS für Carrier', '<p>Bulk SMS f&uuml;r Carrier</p>', NULL, '{"teaser_image":""}', '{"keywords":"","description":""}'),
(17, 'de', 17, 'telefon-gewinnspiele', 'Telefon Gewinnspiele', '<p>Telefon Gewinnspiele</p>', NULL, '{"teaser_image":""}', '{"keywords":"","description":""}'),
(18, 'de', 18, 'telefon-voting', 'Telefon Voting', '<p>Telefon Voting</p>', NULL, '{"teaser_image":""}', '{"keywords":"","description":""}'),
(19, 'de', 19, 'rufnummer-hosting', 'Rufnummer Hosting', '<p>Rufnummer Hosting</p>', NULL, '{"teaser_image":""}', '{"keywords":"","description":""}'),
(20, 'de', 20, 'beratung-konzept', 'Beratung/Konzept', '<div class="row">\r\n<div class="col-lg-12 newsTitle">\r\n<h1>Gestaltung</h1>\r\n<span>tragt zu deinem Image bei</span></div>\r\n<div class="col-lg-8">\r\n<p>Platzhaltertext auf zwei Zeilen. Boribus maio aum qui tem fuga. Mendent oremporem non reis ium volum quaerepro ime vel min cusa quam, opta doluptam eium nobitinvel id mos exerenti con eatiate ndanis a cus archill enecto excearum ecendel.</p>\r\n</div>\r\n</div>\r\n<div class="row">\r\n<h3>Unsere Bereiche</h3>\r\n<div class="col-lg-3">\r\n<ul>\r\n<li>Beratung, Analyse und Optimierung</li>\r\n<li>Logodesign</li>\r\n<li>Corporate Design</li>\r\n<li>Bildearbeitung und Illustrationen</li>\r\n<li>Flyer - und inserategestaltung</li>\r\n<li>Broschurengestaltung</li>\r\n</ul>\r\n</div>\r\n<div class="col-lg-3">\r\n<ul>\r\n<li>Beratung, Analyse und Optimierung</li>\r\n<li>Logodesign</li>\r\n<li>Corporate Design</li>\r\n<li>Bildearbeitung und Illustrationen</li>\r\n<li>Flyer - und inserategestaltung</li>\r\n<li>Broschurengestaltung</li>\r\n</ul>\r\n</div>\r\n</div>', '', '{"teaser_image":""}', '{"keywords":"","description":""}'),
(21, 'de', 21, 'designs', 'Designs', '<p>Designs</p>', NULL, '{"teaser_image":""}', '{"keywords":"","description":""}'),
(22, 'de', 22, 'inserate-plakate-etc', '(Inserate/Plakate etc)', '<p>(Inserate/Plakate etc)</p>', NULL, '{"teaser_image":""}', '{"keywords":"","description":""}'),
(23, 'de', 23, 'video', 'Video', '<p>Video (Webvideo)</p>', NULL, '{"teaser_image":""}', '{"keywords":"","description":""}'),
(24, 'de', 24, 'angebote', 'Angebote', '<p>Angebote</p>', NULL, '{"teaser_image":""}', '{"keywords":"","description":""}'),
(25, 'de', 25, 'icard', 'iCard', '<p>iCard</p>', NULL, '{"teaser_image":""}', '{"keywords":"","description":""}'),
(26, 'de', 26, 'megapromo', 'Megapromo', '<p>Megapromo</p>', NULL, '{"teaser_image":""}', '{"keywords":"","description":""}'),
(27, 'de', 27, 'smspark', 'SMS&Park', '<p>SMS&amp;Park</p>', NULL, '{"teaser_image":""}', '{"keywords":"","description":""}'),
(28, 'de', 28, 'smswin', 'SMS&Win', '<p>SMS&amp;Win</p>', NULL, '{"teaser_image":""}', '{"keywords":"","description":""}'),
(29, 'de', 29, 'callpay', 'Call&Pay', '<p>Call&amp;Pay</p>', NULL, '{"teaser_image":""}', '{"keywords":"","description":""}'),
(30, 'de', 30, 'intranet-apps', 'Intranet Apps', '<p>Intranet Apps</p>', NULL, '{"teaser_image":""}', '{"keywords":"","description":""}'),
(31, 'de', 31, 'marketing-technologie', 'Marketing Technologie', '<p>Marketing Technologie</p>', NULL, '{"teaser_image":""}', '{"keywords":"","description":""}'),
(32, 'de', 32, 'ueber-uns-+philosophie', 'Über uns (+Philosophie)', '<p>&Uuml;ber uns (+Philosophie)</p>', NULL, '{"teaser_image":""}', '{"keywords":"","description":""}'),
(33, 'de', 33, 'team', 'Team', '<p>Team</p>', NULL, '{"teaser_image":""}', '{"keywords":"","description":""}'),
(34, 'de', 34, 'kompetenzen', 'Kompetenzen', '<p>Kompetenzen</p>', NULL, '{"teaser_image":""}', '{"keywords":"","description":""}'),
(35, 'de', 35, 'auszeichnungen-top-rating-ch', 'Auszeichnungen (top-rating.ch)', '<p>Auszeichnungen (top-rating.ch)</p>', NULL, '{"teaser_image":""}', '{"keywords":"","description":""}'),
(36, 'de', 36, 'landingpage', 'Landingpage', '<p>Landingpage</p>', NULL, '{"teaser_image":""}', '{"keywords":"","description":""}'),
(37, 'de', 37, 'web-apps', 'Web-Apps', '<p>Web-Apps</p>', NULL, '{"teaser_image":""}', '{"keywords":"","description":""}'),
(38, 'de', 38, 'domains', 'Domains', '<p>Domains</p>', NULL, '{"teaser_image":""}', '{"keywords":"","description":""}'),
(39, 'de', 39, 'datacenter', 'Datacenter', '<p>Datacenter</p>', NULL, '{"teaser_image":""}', '{"keywords":"","description":""}'),
(40, 'de', 40, 'google-ads', 'Google Ads', '<p>Google Ads(Adwords)</p>', '', '{"teaser_image":""}', '{"keywords":"","description":""}'),
(41, 'de', 41, 'rechtliches', 'Rechtliches', '<p>Rechtliches</p>', NULL, '{"teaser_image":""}', '{"keywords":"","description":""}'),
(42, 'de', 42, 'impressum', 'Impressum', '<p>Impressum</p>', NULL, '{"teaser_image":""}', '{"keywords":"","description":""}'),
(43, 'de', 43, 'agb', 'AGB', '<p>AGB</p>', NULL, '{"teaser_image":""}', '{"keywords":"","description":""}'),
(44, 'de', 44, 'hilfe', 'Hilfe', '<p>Hilfe</p>', NULL, '{"teaser_image":""}', '{"keywords":"","description":""}'),
(45, 'de', 45, 'api-manuals', 'API Manuals', '<p>API Manuals</p>', NULL, '{"teaser_image":""}', '{"keywords":"","description":""}'),
(46, 'de', 46, 'social-horisen', 'Social Horisen', '<p>Social Horisen</p>', NULL, '{"teaser_image":""}', '{"keywords":"","description":""}'),
(47, 'de', 47, 'fb', 'FB', '<p>FB</p>', NULL, '{"teaser_image":""}', '{"keywords":"","description":""}'),
(48, 'de', 48, 'pinterest', 'Pinterest', '<p>Pinterest</p>', NULL, '{"teaser_image":""}', '{"keywords":"","description":""}'),
(49, 'de', 49, 'youtube', 'Youtube', '<p>Youtube</p>', NULL, '{"teaser_image":""}', '{"keywords":"","description":""}'),
(50, 'de', 50, 'twitter', 'Twitter', '<p>Twitter</p>', NULL, '{"teaser_image":""}', '{"keywords":"","description":""}'),
(51, 'de', 51, 'flickr', 'Flickr', '<p>Flickr</p>', NULL, '{"teaser_image":""}', '{"keywords":"","description":""}'),
(52, 'de', 52, 'instagram', 'Instagram', '<p>Instagram</p>', NULL, '{"teaser_image":""}', '{"keywords":"","description":""}'),
(55, 'de', 55, 'slider-image', 'Slider Image', '', '', '{"img":"slider_images\\/slideImages.jpg","show":"1","teaser":"","order":"2","target":""}', NULL),
(54, 'de', 54, 'slider-images', 'Slider Images', '', '', '{"img":"slider_images\\/slideImages.jpg","show":"1","teaser":"","order":"1","target":""}', NULL),
(56, 'en', 32, 'about-us', 'About us', '<p>About us</p>', NULL, '{"teaser_image":""}', '{"keywords":"","description":""}'),
(57, 'en', 31, 'marketing-technology', 'Marketing Technology', '<p>Marketing Technology</p>', NULL, '{"teaser_image":""}', '{"keywords":"","description":""}'),
(58, 'en', 34, 'competencies', 'Competencies', '<p>Competencies</p>', NULL, '{"teaser_image":""}', '{"keywords":"","description":""}'),
(59, 'en', 35, 'awards', 'Awards', '<p>Awards</p>', NULL, '{"teaser_image":""}', '{"keywords":"","description":""}'),
(60, 'en', 33, 'team', 'Team', '<p>Team english</p>', NULL, '{"teaser_image":""}', '{"keywords":"","description":""}'),
(61, 'en', 20, 'consulting-concept', 'Consulting/concept', '<p>Consulting/concept</p>', NULL, '{"teaser_image":""}', '{"keywords":"","description":""}'),
(62, 'en', 6, 'concept-consulting', 'Concept/Consulting', '<p>Concept/Consulting</p>', NULL, '{"teaser_image":""}', '{"keywords":"","description":""}'),
(63, 'en', 24, 'offers', 'Offers', '<p>Offers</p>', NULL, '{"teaser_image":""}', '{"keywords":"","description":""}'),
(64, 'en', 21, 'designs', 'Designs', '<p>Designs english</p>', NULL, '{"teaser_image":""}', '{"keywords":"","description":""}'),
(65, 'en', 23, 'video', 'Video', '<p>Video (Webvideo) english</p>', NULL, '{"teaser_image":""}', '{"keywords":"","description":""}'),
(66, 'en', 25, 'icard', 'iCard', '<p>iCard english</p>', NULL, '{"teaser_image":""}', '{"keywords":"","description":""}'),
(67, 'en', 26, 'megapromo', 'Megapromo', '<p>Megapromo english</p>', NULL, '{"teaser_image":""}', '{"keywords":"","description":""}'),
(68, 'en', 27, 'smspark', 'SMS&Park', '<p>SMS&amp;Park english</p>', NULL, '{"teaser_image":""}', '{"keywords":"","description":""}'),
(69, 'en', 28, 'smswin', 'SMS&Win', '<p>SMS&amp;Win english</p>', NULL, '{"teaser_image":""}', '{"keywords":"","description":""}'),
(70, 'en', 29, 'callpay', 'Call&Pay', '<p>Call&amp;Pay english</p>', NULL, '{"teaser_image":""}', '{"keywords":"","description":""}'),
(71, 'en', 30, 'intranet-apps', 'Intranet Apps', '<p>Intranet Apps english</p>', NULL, '{"teaser_image":""}', '{"keywords":"","description":""}'),
(72, 'en', 16, 'bulk-sms-for-carrier', 'Bulk SMS for Carrier', '<p>Bulk SMS for Carrier</p>', NULL, '{"teaser_image":""}', '{"keywords":"","description":""}'),
(73, 'en', 17, 'phone-contest', 'Phone Contest', '<p>Phone contest</p>', NULL, '{"teaser_image":""}', '{"keywords":"","description":""}'),
(74, 'en', 18, 'telephone-voting', 'Telephone Voting', '<p>Telephone Voting</p>', NULL, '{"teaser_image":""}', '{"keywords":"","description":""}'),
(75, 'en', 19, 'number-hosting', 'Number Hosting', '<p>Number Hosting</p>', NULL, '{"teaser_image":""}', '{"keywords":"","description":""}'),
(76, 'en', 9, 'sms-mass-mailing', 'SMS mass mailing', '<p>SMS mass mailing</p>', NULL, '{"teaser_image":""}', '{"keywords":"","description":""}'),
(77, 'en', 10, 'sms-newsletter', 'SMS Newsletter', '<p>SMS Newsletter english</p>', NULL, '{"teaser_image":""}', '{"keywords":"","description":""}'),
(78, 'en', 11, 'sms-winning-game', 'SMS Winning game', 'en/sms-winning-game.phtml', NULL, '{"teaser_image":""}', '{"keywords":"","description":""}'),
(79, 'en', 12, 'sms-voting', 'SMS Voting', '<p>SMS Voting english</p>', NULL, '{"teaser_image":""}', '{"keywords":"","description":""}'),
(80, 'en', 13, 'premium-sms', 'Premium SMS', '<p>Premium SMS english</p>', NULL, '{"teaser_image":""}', '{"keywords":"","description":""}'),
(81, 'en', 14, 'inbound-sms-service', 'Inbound SMS Service', '<p>inbound SMS Service english</p>', NULL, '{"teaser_image":""}', '{"keywords":"","description":""}'),
(82, 'en', 15, 'pay-by-sms', 'Pay by SMS', '<p>Pay by SMS</p>', NULL, '{"teaser_image":""}', '{"keywords":"","description":""}'),
(83, 'en', 5, 'app-development', 'App Development', '<p>App Development</p>', NULL, '{"teaser_image":""}', '{"keywords":"","description":""}'),
(84, 'en', 7, 'fb-advertising', 'FB advertising', '<p>FB advertising</p>', NULL, '{"teaser_image":""}', '{"keywords":"","description":""}'),
(85, 'en', 8, 'presentation', 'Presentation', '<p>presentation</p>', NULL, '{"teaser_image":""}', '{"keywords":"","description":""}'),
(86, 'en', 2, 'websites', 'Websites', '<p>websites</p>', NULL, '{"teaser_image":""}', '{"keywords":"webseiten,responsive","description":"Webseiten (responsive)"}'),
(87, 'en', 36, 'landingpage', 'Landingpage', '<p>Landingpage english</p>', NULL, '{"teaser_image":""}', '{"keywords":"","description":""}'),
(88, 'en', 37, 'web-apps', 'Web-Apps', '<p>Web-Apps english</p>', NULL, '{"teaser_image":""}', '{"keywords":"","description":""}'),
(89, 'en', 40, 'google-ads', 'Google Ads', '<p>Google Ads(Adwords)english</p>', '', '{"teaser_image":""}', '{"keywords":"","description":""}'),
(90, 'en', 38, 'domains', 'Domains', '<p>Domains english</p>', NULL, '{"teaser_image":""}', '{"keywords":"","description":""}'),
(91, 'en', 3, 'hosting-web-mail', 'Hosting (Web/Mail)', '<p>Hosting (Web/Mail) english</p>', NULL, '{"teaser_image":""}', '{"keywords":"hosting,Web,Mail","description":"Hosting (Web\\/Mail)"}'),
(92, 'en', 39, 'datacenter', 'Datacenter', '<p>Datacenter english</p>', NULL, '{"teaser_image":""}', '{"keywords":"","description":""}'),
(93, 'en', 42, 'impressum', 'Impressum', '<p>Impressum english</p>', NULL, '{"teaser_image":""}', '{"keywords":"","description":""}'),
(94, 'en', 43, 'agb', 'AGB', '<p>AGB english</p>', NULL, '{"teaser_image":""}', '{"keywords":"","description":""}'),
(95, 'en', 45, 'api-manuals', 'API Manuals', '<p>API Manuals english</p>', NULL, '{"teaser_image":""}', '{"keywords":"","description":""}'),
(96, 'de', 56, 'jobs', 'Jobs', '<p>Jobs</p>', NULL, '{"teaser_image":""}', '{"keywords":"","description":""}'),
(97, 'en', 56, 'jobs', 'Jobs', '<p>Jobs english</p>', NULL, '{"teaser_image":""}', '{"keywords":"","description":""}'),
(98, 'de', 57, 'blog', 'Blog', '<p>Blog</p>', NULL, '{"teaser_image":""}', '{"keywords":"","description":""}'),
(99, 'en', 57, 'blog', 'Blog', '<p>Blog english</p>', NULL, '{"teaser_image":""}', '{"keywords":"","description":""}'),
(100, 'en', 4, 'mfa', 'MFA', '<p>MFA english</p>', NULL, '{"teaser_image":""}', '{"keywords":"","description":""}'),
(101, 'de', 58, 'search', 'Search', '<gcse:searchresults-only></gcse:searchresults-only>', '', '{"teaser_image":""}', '{"keywords":"","description":""}'),
(102, 'en', 59, 'home', 'Home', 'en/home.phtml', NULL, '{"teaser_image":""}', '{"keywords":"","description":""}'),
(103, 'de', 59, 'home', 'Home', 'de/home.phtml', NULL, '{"teaser_image":""}', '{"keywords":"","description":""}'),
(104, 'en', 60, '', '', 'en/intro.phtml', NULL, NULL, NULL),
(105, 'de', 60, '', '', 'de/intro.phtml', NULL, '{"teaser_image":""}', '{"keywords":"","description":""}');

--
-- Dumping data for table `cms_route`
--

INSERT INTO `cms_route` (`id`, `application_id`, `page_id`, `uri`, `name`, `path`, `params`, `lang`) VALUES
(1, 1, 59, 'home', 'Home', 'cms/page/index', NULL, 'de'),
(4, 1, 59, 'home', 'Home', 'cms/page/index', NULL, 'en'),
(5, 1, 1, 'social-media', 'Social Media', 'cms/page/index', NULL, 'de'),
(6, 1, 1, 'mobile-marketing', 'Mobile Marketing', 'cms/page/index', NULL, 'de'),
(7, 1, 1, 'telecom', 'Telecom', 'cms/page/index', NULL, 'de'),
(8, 1, 1, 'design-graphics', 'Design/Graphics', 'cms/page/index', NULL, 'de'),
(9, 1, 1, 'produkte', 'Produkte', 'cms/page/index', NULL, 'de'),
(10, 1, 4, 'social-media', 'Wir für Sie', 'cms/page/index', NULL, 'de'),
(11, 1, 2, 'web-services/webseiten', 'Webseiten', 'cms/page/index', NULL, 'de'),
(111, 1, 4, 'products/mfa', 'MFA', 'cms/page/index', 'section/produkte', 'en'),
(13, 1, 5, 'social-media/app-entwicklung', 'App-Entwicklung', 'cms/page/index', NULL, 'de'),
(14, 1, 6, 'social-media/konzept-beratung', 'Konzept/Beratung', 'cms/page/index', NULL, 'de'),
(15, 1, 7, 'social-media/fb-werbung', 'FB-Werbung', 'cms/page/index', NULL, 'de'),
(16, 1, 8, 'social-media/moderation', 'Moderation', 'cms/page/index', NULL, 'de'),
(17, 1, 9, 'mobile-marketing/sms-massenversand', 'SMS Massenversand', 'cms/page/index', NULL, 'de'),
(18, 1, 10, 'mobile-marketing/sms-newsletter', 'SMS Newsletter', 'cms/page/index', NULL, 'de'),
(19, 1, 11, 'mobile-marketing/sms-gewinnspiele', 'SMS Gewinnspiele', 'cms/page/index', NULL, 'de'),
(20, 1, 12, 'mobile-marketing/sms-voting', 'SMS Voting', 'cms/page/index', NULL, 'de'),
(21, 1, 13, 'mobile-marketing/premium-sms', 'Premium SMS', 'cms/page/index', NULL, 'de'),
(22, 1, 14, 'mobile-marketing/inbound-sms-service', 'Inbound SMS Service', 'cms/page/index', NULL, 'de'),
(23, 1, 15, 'mobile-marketing/bezahlen-per-sms', 'Bezahlen per SMS', 'cms/page/index', NULL, 'de'),
(24, 1, 16, 'telecom/bulk-sms-fuer-carrier', 'Bulk SMS für Carrier', 'cms/page/index', NULL, 'de'),
(25, 1, 17, 'telecom/telefon-gewinnspiele', 'Telefon Gewinnspiele', 'cms/page/index', NULL, 'de'),
(26, 1, 18, 'telecom/telefon-voting', 'Telefon Voting', 'cms/page/index', NULL, 'de'),
(27, 1, 19, 'telecom/rufnummer-hosting', 'Rufnummer Hosting', 'cms/page/index', NULL, 'de'),
(66, 1, 24, 'design-graphics/offers', 'Offers', 'cms/page/index', NULL, 'en'),
(29, 1, 21, 'design-graphics/designs', 'Designs', 'cms/page/index', NULL, 'de'),
(30, 1, 23, 'design-graphics/video', 'Video', 'cms/page/index', NULL, 'de'),
(31, 1, 24, 'design-graphics/angebote', 'Angebote', 'cms/page/index', NULL, 'de'),
(32, 1, 25, 'produkte/icard', 'iCard', 'cms/page/index', NULL, 'de'),
(33, 1, 26, 'produkte/megapromo', 'Megapromo', 'cms/page/index', NULL, 'de'),
(34, 1, 27, 'produkte/smspark', 'SMS&Park', 'cms/page/index', NULL, 'de'),
(35, 1, 28, 'produkte/smswin', 'SMS&Win', 'cms/page/index', NULL, 'de'),
(37, 1, 29, 'produkte/callpay', 'Call&Pay', 'cms/page/index', NULL, 'de'),
(38, 1, 30, 'produkte/internet-apps', 'Intranet Apps', 'cms/page/index', NULL, 'de'),
(39, 1, NULL, 'wir-fuer-sie/kontakt', 'Kontakt', 'news/page/list', NULL, 'de'),
(40, 1, 31, 'wir-fuer-sie/marketing-technologie', 'Marketing Technologie', 'cms/page/index', NULL, 'de'),
(41, 1, 32, 'wir-fuer-sie/ueber-uns', 'Über uns', 'cms/page/index', NULL, 'de'),
(42, 1, 33, 'wir-fuer-sie/team', 'Team', 'cms/page/index', NULL, 'de'),
(43, 1, 34, 'wir-fuer-sie/kompetenzen', 'Kompetenzen', 'cms/page/index', NULL, 'de'),
(44, 1, 35, 'wir-fuer-sie/auszeichnungen', 'Auszeichnungen', 'cms/page/index', NULL, 'de'),
(45, 1, 3, 'web-services/hosting-web-mail', 'Hosting (Web/Mail)', 'cms/page/index', NULL, 'de'),
(46, 1, 36, 'web-services/landingpage', 'Landingpage', 'cms/page/index', NULL, 'de'),
(47, 1, 37, 'web-services/web-apps', 'Web-Apps', 'cms/page/index', NULL, 'de'),
(48, 1, 38, 'web-services/domains', 'Domains', 'cms/page/index', NULL, 'de'),
(49, 1, 39, 'web-services/datacenter', 'Datacenter', 'cms/page/index', NULL, 'de'),
(50, 1, 40, 'web-services/google-ads', 'Google Ads', 'cms/page/index', NULL, 'de'),
(51, 1, 41, 'rechtliches', 'Rechtliches', 'cms/page/index', NULL, 'de'),
(52, 1, 42, 'rechtliches/impressum', 'Impressum', 'cms/page/index', NULL, 'de'),
(53, 1, 43, 'rechtliches/agb', 'AGB', 'cms/page/index', NULL, 'de'),
(54, 1, 44, 'hilfe', 'Hilfe', 'cms/page/index', NULL, 'de'),
(55, 1, 45, 'hilfe/api-manuals', 'API Manuals', 'cms/page/index', NULL, 'de'),
(56, 1, NULL, 'hilfe/sitemap', 'Sitemap', 'cms/sitemap/index', NULL, 'de'),
(57, 1, NULL, 'we-for-you/contact', 'Contact', 'news/page/list', NULL, 'en'),
(58, 1, 32, 'we-for-you/about-us', 'About us', 'cms/page/index', NULL, 'en'),
(59, 1, 31, 'we-for-you/marketing-technology', 'Marketing Technology', 'cms/page/index', NULL, 'en'),
(60, 1, 34, 'we-for-you/competencies', 'Competencies', 'cms/page/index', NULL, 'en'),
(61, 1, 35, 'we-for-you/awards', 'Awards', 'cms/page/index', NULL, 'en'),
(62, 1, 33, 'we-for-you/team', 'Team', 'cms/page/index', NULL, 'en'),
(63, 1, 6, 'social-media/concept-consulting', 'Concept/consulting', 'cms/page/index', NULL, 'en'),
(64, 1, 20, 'design-graphics/consulting-concept', 'Consulting/concept', 'cms/page/index', NULL, 'en'),
(65, 1, 20, 'design-graphics/beratung-konzept', 'Beratung/Konzept', 'cms/page/index', NULL, 'de'),
(67, 1, 21, 'design-graphics/designs', 'Designs', 'cms/page/index', NULL, 'en'),
(68, 1, 23, 'design-graphics/video', 'Video', 'cms/page/index', NULL, 'en'),
(69, 1, 25, 'products/icard', 'iCard', 'cms/page/index', NULL, 'en'),
(70, 1, 26, 'products/megapromo', 'Megapromo', 'cms/page/index', NULL, 'en'),
(71, 1, 27, 'products/smspark', 'SMS&Park', 'cms/page/index', NULL, 'en'),
(72, 1, 28, 'products/smswin', 'SMS&Win', 'cms/page/index', NULL, 'en'),
(73, 1, 29, 'products/callpay', 'Call&Pay', 'cms/page/index', NULL, 'en'),
(74, 1, 30, 'products/internet-apps', 'Intranet Apps', 'cms/page/index', NULL, 'en'),
(75, 1, 16, 'telecom/bulk-sms-for-carrier', 'Bulk SMS for Carrier', 'cms/page/index', NULL, 'en'),
(76, 1, 17, 'telecom/phone-contest', 'Phone contest', 'cms/page/index', NULL, 'en'),
(77, 1, 18, 'telecom/telephone-voting', 'Telephone Voting', 'cms/page/index', NULL, 'en'),
(78, 1, 19, 'telecom/number-hosting', 'Number Hosting', 'cms/page/index', NULL, 'en'),
(79, 1, 9, 'mobile-marketing/sms-mass-mailing', 'SMS mass mailing', 'cms/page/index', NULL, 'en'),
(80, 1, 10, 'mobile-marketing/sms-newsletter', 'SMS Newsletter', 'cms/page/index', NULL, 'en'),
(81, 1, 11, 'mobile-marketing/sms-winning-game', 'SMS Winning game', 'cms/page/index', NULL, 'en'),
(82, 1, 12, 'mobile-marketing/sms-voting', 'SMS Voting', 'cms/page/index', NULL, 'en'),
(83, 1, 13, 'mobile-marketing/premium-sms', 'Premium SMS', 'cms/page/index', NULL, 'en'),
(84, 1, 14, 'mobile-marketing/inbound-sms-service', 'Inbound SMS Service', 'cms/page/index', NULL, 'en'),
(85, 1, 15, 'mobile-marketing/pay-by-sms', 'Pay by SMS', 'cms/page/index', NULL, 'en'),
(86, 1, 5, 'social-media/app-development', 'App Development', 'cms/page/index', NULL, 'en'),
(87, 1, 7, 'social-media/fb-advertising', 'FB advertising', 'cms/page/index', NULL, 'en'),
(88, 1, 8, 'social-media/presentation', 'Presentation', 'cms/page/index', NULL, 'en'),
(89, 1, 2, 'web-services/websites', 'Websites', 'cms/page/index', NULL, 'en'),
(90, 1, 36, 'web-services/landingpage', 'Landingpage', 'cms/page/index', NULL, 'en'),
(91, 1, 37, 'web-services/web-apps', 'Web-Apps', 'cms/page/index', NULL, 'en'),
(92, 1, 40, 'web-services/google-ads', 'Google Ads', 'cms/page/index', NULL, 'en'),
(93, 1, 38, 'web-services/domains', 'Domains', 'cms/page/index', NULL, 'en'),
(94, 1, 3, 'web-services/hosting-web-mail', 'Hosting (Web/Mail)', 'cms/page/index', NULL, 'en'),
(95, 1, 39, 'web-services/datacenter', 'Datacenter', 'cms/page/index', NULL, 'en'),
(97, 1, 42, 'terms-of-use/impressum', 'Impressum', 'cms/page/index', NULL, 'en'),
(98, 1, 43, 'terms-of-use/agb', 'AGB', 'cms/page/index', NULL, 'en'),
(99, 1, 45, 'help/api-manuals', 'API Manuals', 'cms/page/index', NULL, 'en'),
(101, 1, 56, 'contacts/jobs', 'Jobs', 'cms/page/index', NULL, 'en'),
(102, 1, 56, 'kontakte/jobs', 'Jobs', 'cms/page/index', NULL, 'de'),
(103, 1, NULL, 'help/sitemap', 'Sitemap', 'cms/sitemap/index', NULL, 'en'),
(106, 1, 57, 'kontakte/blog', 'Blog', 'cms/page/index', NULL, 'de'),
(107, 1, 57, 'contacts/blog', 'Blog', 'cms/page/index', NULL, 'en'),
(112, 1, 4, 'social-media/mfa', 'MFA', 'cms/page/index', 'section/social-media', 'en'),
(113, 1, 58, 'search', 'Search', 'cms/page/index', NULL, 'de'),
(109, 1, 4, 'produkte/mfa', 'MFA', 'cms/page/index', 'section/produkte', 'de'),
(110, 1, 4, 'social-media/mfa', 'MFA', 'cms/page/index', 'section/social-media', 'de'),
(114, 1, NULL, '', NULL, NULL, NULL, NULL),
(115, 1, 60, '', 'Intro', 'cms/page/index', NULL, NULL);

INSERT INTO upgrade_db_log (
    file,
    branch,
    username,
    revision,
    repos_dt,
    insert_dt) 
values (substring_index(trim(both '$' from '$HeadURL: svn+sshp://radisa.no-ip.info/repos/web/apps/cms/branches/horisen_2015/docs/db/scripts/updb0009-content_init.sql $'),'/',-1),
    'horisen_2015',
    trim(TRAILING '$' from substring('$Author: milan $',locate(':','$Author: milan $')+1)),
    trim(TRAILING '$' from substring('$Revision: 24896 $',locate(':','$Revision: 24896 $')+1)),
    trim(TRAILING '$' from substring('$Date: 2014-11-03 17:08:58 +0100 (пон, 03 нов 2014) $',locate(':','$Date: 2014-11-03 17:08:58 +0100 (пон, 03 нов 2014) $')+1)),
    now());

